episode_index,task_index,jerk_score_ep,act_state_agree,act_lag,act_lag_gain,goal_dist,z_jerk,z_agree,z_goal,flag_noise,flag_misaligned,flag_label,truth
0,0,0.09958027,0.9789894,1,0.0058284877,0.017030895,-0.410950243473053,0.8697033,1.0774192810058594,False,False,False,clean
1,1,0.09162035,0.9375334,1,0.0040809265,0.012736678,0.9493332505226135,-0.34047565,0.5656763911247253,False,False,False,clean
2,2,0.11022981,0.6542805,6,0.18535581,0.027112603,0.0,-8.609154,1.863586664199829,False,True,False,misaligned
3,2,0.10686654,0.95838696,1,0.004176554,0.010093212,-0.16428899765014648,0.26827908,-0.7250600457191467,False,False,False,clean
4,1,0.06682747,0.9578542,1,0.0069707516,0.01251471,-1.3179279565811157,0.2527272,0.5092738270759583,False,False,False,clean
5,1,0.081486605,0.9722645,1,0.007413173,0.012108684,0.022621892392635345,0.67339116,0.40610140562057495,False,False,False,clean
6,3,0.08949117,0.90703756,2,0.012304499,0.014581859,-0.1382858008146286,-1.2307054,-0.32200613617897034,False,False,False,clean
7,4,0.11551733,0.97397757,1,0.0123292785,0.010612965,-0.5661977529525757,0.7233979,-0.09783763438463211,False,False,False,clean
8,5,0.10408163,0.9212873,2,0.027092626,0.014493823,0.2722916901111603,-0.8147289,0.16729363799095154,False,False,False,clean
9,4,0.11104718,0.90987146,1,0.012710947,0.011224866,-0.8628150224685669,-1.1479785,0.06649501621723175,False,False,False,clean
10,6,0.068360224,0.9541575,1,0.0014442541,0.013705134,0.35589197278022766,0.14481251,-0.23079679906368256,False,False,False,clean
11,1,0.08139171,0.97119445,1,0.0074670315,0.0077586174,0.013943648897111416,0.64215344,-0.6992613673210144,False,False,False,clean
12,7,0.61746716,0.8829872,1,0.010476136,0.006049514,34.10893249511719,-1.9327799,-2.2512154579162598,True,False,False,action_noise
13,5,0.09704324,0.96943057,1,0.0074953614,0.009028375,0.0,0.59066254,-1.0303945541381836,False,False,False,clean
14,8,0.08700876,0.9104361,1,0.007005308,0.010321915,-0.5892577767372131,-1.1314957,-0.9648527503013611,False,False,False,clean
15,8,0.10470557,0.90978634,1,0.00468516,0.013179064,0.753994345664978,-1.1504632,-0.09857349097728729,False,False,False,clean
16,8,0.09994744,0.8195716,1,0.009908992,0.017257333,0.39283472299575806,-3.7839987,1.1379458904266357,False,False,False,clean
17,7,0.13226119,0.9391441,1,0.008227727,0.012498856,0.13027702271938324,-0.29345644,0.8548972010612488,False,False,False,clean
18,0,0.09170807,0.9801934,1,0.002384522,0.012280107,-1.415941596031189,0.90484893,-0.24279077351093292,False,False,False,clean
19,1,0.069462135,0.96383893,1,0.0025558516,0.015497446,-1.0769927501678467,0.42743242,1.2671945095062256,False,False,False,clean
20,1,0.065315366,0.96929216,1,0.0020290113,0.10465813,-1.4562069177627563,0.5866223,23.923147201538086,False,False,True,label_swap
21,1,0.0775487,0.9330778,2,0.015669324,0.008020282,-0.3374921977519989,-0.47054192,-0.6327717900276184,False,False,False,clean
22,0,0.09334058,0.9291195,1,0.008317022,0.013153791,-1.2075297832489014,-0.58609164,0.0,False,False,False,clean
23,6,0.06876217,0.9454725,1,0.0018040058,0.039443016,0.3993111550807953,-0.10871857,3.5842459201812744,False,False,True,clean
24,7,0.12016894,0.9546964,1,0.004266851,0.009412885,-0.7165350914001465,0.16054532,-0.631358802318573,False,False,False,clean
25,4,0.123686984,0.9299183,1,0.009524727,0.016499043,-0.024100210517644882,-0.56277424,1.4829317331314087,False,False,False,clean
26,5,0.12763573,0.67508644,7,0.3120384,0.012670577,1.1835205554962158,-8.001789,-0.23224924504756927,False,True,False,misaligned
27,9,0.087887675,0.9421766,1,0.004809507,0.0093045235,0.4350225329399109,-0.20493197,0.6769951581954956,False,False,False,clean
28,9,0.06777656,0.76708883,7,0.22163597,0.0062566996,-0.7370960116386414,-5.3160686,-0.4563688337802887,False,True,False,misaligned
29,4,0.109319195,0.9624085,1,0.010758719,0.010007143,-0.9774754643440247,0.38567486,-0.2605375349521637,False,False,False,clean
30,4,0.11026849,0.9746854,1,0.00737645,0.013533473,-0.9144850373268127,0.74406004,0.6864961981773376,False,False,False,clean
31,8,0.101770155,0.91427076,1,0.006717177,0.008371949,0.5311855673789978,-1.0195547,-1.5560767650604248,False,False,False,clean
32,8,0.08555754,0.9224611,1,0.0024583067,0.015089214,-0.6994103193283081,-0.7804637,0.4805785119533539,False,False,False,clean
33,0,0.108278416,0.96309084,1,0.0019328326,0.011496782,0.6994835734367371,0.40559405,-0.460470974445343,False,False,False,clean
34,2,0.11486716,0.84324646,1,0.009957816,0.01574552,0.22652477025985718,-3.092886,0.1346551775932312,False,False,False,clean
35,2,0.06849402,0.9425013,1,0.002072379,0.010049939,-2.0387072563171387,-0.19545262,-0.7316418290138245,False,False,False,clean
36,8,0.078665175,0.70446146,7,0.20981097,0.011244893,-1.22256600856781,-7.144278,-0.6850084662437439,False,True,False,misaligned
37,1,0.09964721,0.9619319,1,0.007872121,0.008990407,1.683374285697937,0.37176207,-0.3862605392932892,False,False,False,clean
38,3,0.5761098,0.83734757,1,0.0020304455,0.01009959,34.54153823852539,-3.2650857,-0.8700644373893738,True,False,False,action_noise
39,5,0.0814602,0.9603571,1,0.008266082,0.016836166,-0.6028552651405334,0.32579204,0.6805904507637024,False,False,False,clean
40,3,0.096104324,0.93556756,2,0.01302137,0.009946644,0.3330132067203522,-0.39786163,-0.8887655138969421,False,False,False,clean
41,4,0.13963075,0.6468762,8,0.3146464,0.008689821,1.0338490009307861,-8.825298,-0.6143185496330261,False,True,False,misaligned
42,7,0.13581234,0.962346,1,0.009884691,0.010731399,0.37896209955215454,0.38385138,0.00366009259596467,False,False,False,clean
43,7,0.10889574,0.9636094,1,0.0050244415,0.014566541,-1.5059897899627686,0.42073178,1.8507294654846191,False,False,False,clean
44,2,0.5674612,0.8151076,1,0.007416574,0.007802129,22.334808349609375,-3.9143121,-1.0735334157943726,True,False,False,action_noise
45,3,0.06925161,0.96594435,1,0.0061114337,0.014089406,-1.5806975364685059,0.4888934,-0.38221967220306396,False,False,False,clean
46,6,0.05326886,0.97157663,1,0.0030414683,0.016753554,-1.274322271347046,0.6533101,0.2210606187582016,False,False,False,clean
47,9,0.06958104,0.9564787,2,0.008152256,0.00482738,-0.6319271326065063,0.21257392,-0.9878756403923035,False,False,False,clean
48,3,0.099949256,0.9381602,1,0.0045953803,0.01590401,0.6070297360420227,-0.32217813,-0.1603434979915619,False,False,False,clean
49,3,0.090963595,0.7475949,7,0.17716707,0.018158138,-0.033350858837366104,-5.8851333,0.11527445167303085,False,True,False,misaligned
50,3,0.06830542,0.9556648,1,0.0057260636,0.021048605,-1.6481298208236694,0.18881463,0.468699187040329,False,False,False,clean
51,6,0.061023694,0.9706238,1,0.002220137,0.031956077,-0.4366220533847809,0.62549496,2.4744813442230225,False,False,False,clean
52,1,0.07057866,0.97643745,1,0.0039105644,0.01273644,-0.9748889803886414,0.7952065,0.5656158328056335,False,False,False,clean
53,2,0.12403778,0.9719073,1,0.004991328,0.123653054,0.6744906902313232,0.6629635,16.547374725341797,False,False,True,label_swap
54,6,0.060056113,0.9590224,1,0.0020238895,0.015174866,-0.541143000125885,0.2868289,-0.012943279929459095,False,False,False,clean
55,9,0.08139246,0.93529385,1,0.0064189015,0.0057235956,0.05646757781505585,-0.40585157,-0.6546089053153992,False,False,False,clean
56,7,0.10997523,0.9526971,1,0.0057391487,0.0092743635,-1.4303935766220093,0.1021815,-0.6980729699134827,False,False,False,clean
57,6,0.06088946,0.9720773,1,0.0007113705,0.010969996,-0.45112234354019165,0.6679259,-0.6362174153327942,False,False,False,clean
58,0,0.1032277,0.9778983,1,0.010481201,0.015614867,0.05469203740358353,0.8378514,0.683915376663208,False,False,False,clean
59,2,0.1126148,0.93527544,1,0.0011729233,0.014860213,0.11650186032056808,-0.4063892,0.0,False,False,False,clean
60,7,0.58786505,0.90087914,1,0.0034573614,0.010345876,32.03591537475586,-1.4104809,-0.18201425671577454,True,False,False,action_noise
61,9,0.098141864,0.9505522,1,0.0063310643,0.006361723,1.032658576965332,0.039568666,-0.4173148274421692,False,False,False,clean
62,1,0.08119807,0.94733435,1,0.0023148179,0.008821487,-0.0037644105032086372,-0.054367114,-0.4291834235191345,False,False,False,clean
63,4,0.12557964,0.97500426,1,0.010945285,0.011933446,0.10148706287145615,0.75336885,0.25679177045822144,False,False,False,clean
64,9,0.0608938,0.98775345,1,0.003199112,0.009679258,-1.1382379531860352,1.1255416,0.8163439035415649,False,False,False,clean
65,7,0.109552525,0.968691,1,0.0042202426,0.008152366,-1.4599956274032593,0.56907296,-1.2384462356567383,False,False,False,clean
66,3,0.089848794,0.95207274,1,0.0043657944,0.031260192,-0.11279928684234619,0.08395531,1.7172956466674805,False,False,False,clean
67,6,0.06886276,0.9583826,1,0.0026229804,0.011069536,0.41017720103263855,0.26815206,-0.6214629411697388,False,False,False,clean
68,1,0.07874444,0.7501949,7,0.20558098,0.015019119,-0.22814372181892395,-5.8092337,1.1456502676010132,False,True,False,misaligned
69,5,0.08131115,0.96833885,1,0.008941529,0.030616403,-0.6086214780807495,0.55879325,3.7003660202026367,False,False,True,clean
70,6,0.052595295,0.820682,7,0.12643261,0.019336462,-1.3470828533172607,-3.7515848,0.6039166450500488,False,True,False,misaligned
71,5,0.10392343,0.9321469,2,0.02313783,0.014318585,0.26617154479026794,-0.49771678,0.12889239192008972,False,False,False,clean
72,3,0.61054534,0.813024,1,0.00885203,0.036482096,36.99565124511719,-3.9751363,2.355790853500366,True,False,False,action_noise
73,6,0.049570236,0.9608337,1,0.0007796341,0.023508787,-1.6738587617874146,0.33970484,1.2223669290542603,False,False,False,clean
74,4,0.12169847,0.921746,1,0.010286274,0.013700962,-0.1560482233762741,-0.80133814,0.7314772009849548,False,False,False,clean
75,8,0.093453124,0.8662287,1,0.006138407,0.012365758,-0.10010715574026108,-2.4219918,-0.34516534209251404,False,False,False,clean
76,7,0.09367099,0.9727132,1,0.0053557795,0.01196593,-2.572169303894043,0.6864879,0.5982313752174377,False,False,False,clean
77,2,0.085446425,0.96373725,1,0.011738076,0.14522839,-1.2106173038482666,0.42446402,19.828977584838867,False,False,True,label_swap
78,7,0.13358265,0.96118593,1,0.011614531,0.010812461,0.22281832993030548,0.34998634,0.042701080441474915,False,False,False,clean
79,5,0.116883464,0.952583,1,0.0062812264,0.019233406,0.7675514817237854,0.0988512,1.2059170007705688,False,False,False,clean
80,2,0.10534743,0.7398661,7,0.1884403,0.015827656,-0.23849420249462128,-6.1107516,0.14714792370796204,False,True,False,misaligned
81,9,0.093164004,0.9177055,1,0.009603103,0.011777639,0.7425382733345032,-0.919289,1.5966482162475586,False,False,False,clean
82,4,0.102256775,0.95743054,1,0.0031727785,0.008694649,-1.4461026191711426,0.2403595,-0.6130219101905823,False,False,False,clean
83,4,0.11411447,0.96529657,1,0.011063422,0.008825898,-0.6592847108840942,0.4699834,-0.5777735114097595,False,False,False,clean
84,2,0.11465804,0.9485096,1,0.0036827275,0.0061894655,0.21630990505218506,-0.020060118,-1.318819284439087,False,False,False,clean
85,0,0.09855491,0.96482205,1,0.0076832655,0.014006078,-0.5418515801429749,0.4561315,0.23684440553188324,False,False,False,clean
86,6,0.058400497,0.9604145,1,0.004855453,0.010378838,-0.7199875712394714,0.32746765,-0.723842978477478,False,False,False,clean
87,3,0.087606594,0.94101465,1,0.0060636713,0.0139786005,-0.27259403467178345,-0.23885095,-0.39576807618141174,False,False,False,clean
88,0,0.09751593,0.97795147,1,0.010568914,0.018164992,-0.6744906902313232,0.83940345,1.392576813697815,False,False,False,clean
89,8,0.08264738,0.842115,1,0.009191136,0.015545964,-0.9203019738197327,-3.125916,0.6190639138221741,False,False,False,clean
90,6,0.092236556,0.87322867,1,0.008609522,0.052255213,2.935084819793701,-2.2176497,5.483356475830078,False,False,True,label_swap
91,7,0.5540284,0.90107465,2,0.006908222,0.0075674653,29.666357040405273,-1.4047737,-1.5201441049575806,True,False,False,action_noise
92,5,0.106354594,0.8722745,2,0.021459665,0.011057973,0.36022499203681946,-2.2455032,-0.5856322646141052,False,False,False,clean
93,3,0.10824848,0.9174257,1,0.004906154,0.011955857,1.198490023612976,-0.9274564,-0.643094003200531,False,False,False,clean
94,7,0.11732143,0.97755903,1,0.0052044117,0.008457899,-0.9159442186355591,0.8279475,-1.0912960767745972,False,False,False,clean
95,3,0.09987529,0.94861376,1,0.0076144664,0.018483937,0.6017586588859558,-0.01701865,0.15511071681976318,False,False,False,clean
96,4,0.11677997,0.87309456,1,0.008946362,0.010938287,-0.4824155569076538,-2.2215645,-0.010468883439898491,False,False,False,clean
97,8,0.09439329,0.9390272,1,0.0133291185,0.011587858,-0.028745122253894806,-0.29686853,-0.5810224413871765,False,False,False,clean
98,0,0.13669361,0.9539571,1,0.009599201,0.10733926,4.327061653137207,0.13896273,26.1734676361084,True,False,True,label_swap
99,9,0.10866071,0.91162366,1,0.0030422905,0.059487045,1.6457194089889526,-1.0968286,19.33786964416504,False,False,True,label_swap
100,6,0.066279605,0.9482344,1,0.0030063225,0.011271477,0.13113723695278168,-0.028093562,-0.5915299654006958,False,False,False,clean
101,5,0.6153308,0.8182471,1,0.018200807,0.012271166,20.05080223083496,-3.8226645,-0.31977537274360657,True,False,False,action_noise
102,5,0.07381028,0.97145045,1,0.00928867,0.012463272,-0.8988049626350403,0.6496266,-0.27767765522003174,False,False,False,clean
103,9,0.0719769,0.9724376,1,0.0031397883,0.008545995,-0.49229127168655396,0.678444,0.39492860436439514,False,False,False,clean
104,9,0.0806302,0.96354395,1,0.0041730134,0.007495463,0.012041356414556503,0.4188213,0.0042777652852237225,False,False,False,clean
105,0,0.10485307,0.96556795,0,0.0,0.0091436505,0.26219266653060913,0.47790548,-1.114389419555664,False,False,False,clean
106,6,0.058821674,0.9329105,0,0.0,0.0120126605,-0.674490749835968,-0.47542602,-0.4816667139530182,False,False,False,clean
107,0,0.10254069,0.9646004,1,0.008523266,0.011006713,-0.03301401436328888,0.44966054,-0.5966577529907227,False,False,False,clean
108,1,0.06610537,0.969801,1,0.0010382278,0.0071026087,-1.3839622735977173,0.60147643,-0.8659548163414001,False,False,False,clean
109,5,0.07474124,0.91198236,1,0.00805504,0.14029622,-0.8627893328666687,-1.0863575,27.73539924621582,False,False,True,label_swap
110,1,0.08770688,0.94617206,1,0.0041154674,0.0067124367,0.5914539694786072,-0.08829653,-0.9650985598564148,False,False,False,clean
111,9,0.078080796,0.9771983,1,0.007679345,0.0063667297,-0.13654324412345886,0.8174172,-0.4154530167579651,False,False,False,clean
112,8,0.08799158,0.9110057,1,0.0062730615,0.012978792,-0.5146580934524536,-1.1148686,-0.15929526090621948,False,False,False,clean
113,1,0.08730625,0.9306882,1,0.011421847,0.007953584,0.5548175573348999,-0.54029906,-0.6497198343276978,False,False,False,clean
114,0,0.6388833,0.832604,1,0.008437521,0.008470416,68.43826293945312,-3.4035594,-1.3014764785766602,True,False,False,action_noise
115,6,0.060565878,0.97176075,1,0.0028837891,0.008841753,-0.486076682806015,0.6586849,-0.951680064201355,False,False,False,clean
116,7,0.1264981,0.9681202,1,0.009368991,0.024285793,-0.2733079195022583,0.552411,6.531686782836914,False,False,True,clean
117,7,0.5750665,0.9241973,1,0.008474977,0.014152765,31.1396427154541,-0.7297801,1.651448130607605,True,False,False,action_noise
118,3,0.09321028,0.97004116,2,0.016496884,0.16970164,0.12676353752613068,0.6084868,18.644878387451172,False,False,True,label_swap
119,7,0.12700984,0.95857054,1,0.011112485,0.006883621,-0.23747141659259796,0.2736382,-1.8494950532913208,False,False,False,clean
120,8,0.100507714,0.9293084,1,0.005296655,0.009192228,0.43536171317100525,-0.5805777,-1.3073705434799194,False,False,False,clean
121,0,0.100677595,0.9640707,1,0.007321087,0.010726631,-0.27086254954338074,0.43419743,-0.6744906306266785,False,False,False,clean
122,7,0.6309891,0.8919137,1,0.008527678,0.010148525,35.05585861206055,-1.6721985,-0.2770618498325348,True,False,False,action_noise
123,2,0.12547037,0.83304137,1,0.0030780502,0.009704173,0.7444697618484497,-3.3907917,-0.7842329144477844,False,False,False,clean
124,4,0.15215263,0.9630677,1,0.0066902856,0.010188103,1.8647387027740479,0.40491894,-0.21193885803222656,False,False,False,clean
125,0,0.106737755,0.9753056,1,0.009760235,0.015108228,0.5027976632118225,0.76216614,0.5431238412857056,False,False,False,clean
126,2,0.12569904,0.8413401,0,0.0,0.009531796,0.7556399703025818,-3.1485355,-0.810451328754425,False,False,False,clean
127,9,0.09193609,0.96168154,1,0.0088885175,0.011543453,0.6709727644920349,0.36445418,1.5095634460449219,False,False,False,clean
128,7,0.13611573,0.97436506,1,0.0062487805,0.011494875,0.40020811557769775,0.73470944,0.3713630437850952,False,False,False,clean
129,0,0.10279929,0.9682115,0,0.0,0.0069508553,0.0,0.55507493,-1.7237515449523926,False,False,False,clean
130,1,0.0781062,0.7735172,7,0.19235659,0.013891101,-0.2865094542503357,-5.128413,0.859018087387085,False,True,False,misaligned
131,3,0.14648056,0.95105946,1,0.008353979,0.17642832,3.923173666000366,0.054375812,19.46736717224121,True,False,True,label_swap
132,5,0.079608515,0.95748883,2,0.013612989,0.014035523,-0.674490749835968,0.2420612,0.06686259806156158,False,False,False,clean
133,9,0.07674231,0.9732644,1,0.0034093228,0.012105823,-0.21455325186252594,0.70257914,1.7186863422393799,False,False,False,clean
134,3,0.073368326,0.94071645,2,0.0127735445,0.00913471,-1.2873119115829468,-0.24755602,-0.9880427718162537,False,False,False,clean
135,4,0.124748565,0.68114126,7,0.28976586,0.01304239,0.04634104669094086,-7.825038,0.5546106696128845,False,True,False,misaligned
136,9,0.0615978,0.9726534,1,0.0030126898,0.004842639,-1.0972071886062622,0.6847427,-0.9822015166282654,False,False,False,clean
137,5,0.0764449,0.7271006,8,0.24223374,0.016043186,-0.796880304813385,-6.4833994,0.5068182349205017,False,True,False,misaligned
138,1,0.07400406,0.9554426,1,0.0028364325,0.022520006,-0.66164231300354,0.18232802,3.0516445636749268,False,False,True,clean
139,2,0.09584415,0.8874289,1,0.004881155,0.014929652,-0.702709972858429,-1.8031191,0.01056172326207161,False,False,False,clean
140,2,0.096304946,0.8982634,1,0.0036444082,0.012058973,-0.68020099401474,-1.4868394,-0.4260680675506592,False,False,False,clean
141,9,0.07715421,0.9478479,1,0.005652077,0.00627923,-0.19054654240608215,-0.03937553,-0.44799062609672546,False,False,False,clean
142,2,0.10092143,0.918412,0,0.0,0.015426576,-0.45469528436660767,-0.89866334,0.08614376932382584,False,False,False,clean
143,6,0.06506563,0.9709946,1,0.0034961572,0.010711789,0.0,0.63631934,-0.6744906306266785,False,False,False,clean
144,8,0.62180287,0.7646487,1,0.0059469673,0.016256511,40.0035514831543,-5.3873014,0.834499716758728,True,False,False,action_noise
145,6,0.11877941,0.8969071,1,0.009677251,0.11151481,5.802323341369629,-1.5264325,14.267213821411133,True,False,True,label_swap
146,1,0.07832991,0.92848164,1,0.001558125,0.008014441,-0.2660515010356903,-0.6047128,-0.6342560648918152,False,False,False,clean
147,9,0.07466529,0.79643875,7,0.17846039,0.010674655,-0.33560600876808167,-4.45929,1.1864924430847168,False,True,False,misaligned
148,4,0.12410406,0.91252637,1,0.012480211,0.014157176,0.0035748877562582493,-1.0704768,0.8539983630180359,False,False,False,clean
149,6,0.06329328,0.84977996,7,0.11411433,0.028446257,-0.1914547085762024,-2.902161,1.954232096672058,False,True,False,misaligned
150,6,0.09543804,0.9224085,1,0.012232623,0.06554121,3.280918598175049,-0.78199834,7.452696323394775,True,False,True,label_swap
151,8,0.10433592,0.8841702,1,0.008595551,0.051583648,0.7259363532066345,-1.8982468,11.545585632324219,False,False,True,clean
152,1,0.082350664,0.9630955,1,0.0047438187,0.010527015,0.10163840651512146,0.40572977,0.004195356275886297,False,False,False,clean
153,3,0.08102941,0.91779816,1,0.004629337,0.01211834,-0.7413299679756165,-0.9165833,-0.6232268810272217,False,False,False,clean
154,9,0.083909534,0.8456757,1,0.004372405,0.019617558,0.20316803455352783,-3.0219717,4.512000560760498,False,False,True,clean
155,8,0.083296545,0.91455615,1,0.008398363,0.0113271475,-0.8710282444953918,-1.0112238,-0.6600691676139832,False,False,False,clean
156,5,0.15166806,0.95961475,1,0.011725034,0.012312055,2.113250255584717,0.30412072,-0.31081506609916687,False,False,False,clean
157,0,0.10233099,0.9681281,1,0.01381782,0.0066573024,-0.059784576296806335,0.5526407,-1.8053277730941772,False,False,False,clean
158,9,0.093040794,0.93369395,1,0.005284682,0.0049242973,0.7353573441505432,-0.45255584,-0.9518359899520874,False,False,False,clean
159,7,0.072751075,0.9828994,1,0.0057658637,0.15786487,-4.037177085876465,0.9838436,70.86563873291016,False,False,True,label_swap
160,4,0.13021803,0.95793015,1,0.0131303705,0.006847501,0.4092675447463989,0.25494394,-1.1090933084487915,False,False,False,clean
161,4,0.12351614,0.9467901,1,0.016484344,0.010277629,-0.03543642535805702,-0.07025478,-0.18789564073085785,False,False,False,clean
162,3,0.07966977,0.9567517,1,0.006198441,0.011542261,-0.8382269740104675,0.22054298,-0.6936655044555664,False,False,False,clean
163,4,0.57388777,0.90566146,1,0.0064288313,0.008751035,29.848989486694336,-1.270876,-0.5978788733482361,True,False,False,action_noise
164,2,0.11852074,0.61790913,7,0.30671033,0.024963558,0.40499454736709595,-9.670901,1.536717176437378,False,True,False,misaligned
165,7,0.11903948,0.98100173,1,0.005002857,0.010534644,-0.795630156993866,0.9284464,-0.09110042452812195,False,False,False,clean
166,7,0.5945179,0.8847492,1,0.013329798,0.009374499,32.501808166503906,-1.8813447,-0.6498458385467529,True,False,False,action_noise
167,0,0.09665323,0.9712048,1,0.0030935167,0.012449563,-0.7846261858940125,0.64245623,-0.19570016860961914,False,False,False,clean
168,1,0.087168366,0.969428,1,0.002107657,0.009119809,0.5422079563140869,0.5905877,-0.3533792495727539,False,False,False,clean
169,8,0.106314085,0.91483873,1,0.004706274,0.013477027,0.8760862946510315,-1.0029746,-0.00823177583515644,False,False,False,clean
170,0,0.1206537,0.5919055,7,0.38823566,0.010920107,2.279352903366089,-10.4299965,-0.6207247972488403,False,True,False,misaligned
171,4,0.12399631,0.9604869,1,0.014936985,0.015416622,-0.0035748877562582493,0.32957995,1.192236065864563,False,False,False,clean
172,7,0.14082018,0.9570418,1,0.009720743,0.0102312565,0.7296573519706726,0.22901142,-0.23721706867218018,False,False,False,clean
173,2,0.63094485,0.8545615,1,0.0035726768,0.0152698755,25.435855865478516,-2.7625787,0.0623096339404583,True,False,False,action_noise
174,4,0.15588626,0.9663478,1,0.013011655,0.009352386,2.1124842166900635,0.50067127,-0.4363795518875122,False,False,False,clean
175,7,0.12366793,0.9689412,1,0.0055583194,0.013487756,-0.4715028703212738,0.57637733,1.331168532371521,False,False,False,clean
176,1,0.06407922,0.95665747,1,0.0048288223,0.0075460672,-1.569250226020813,0.2177921,-0.7532709240913391,False,False,False,clean
177,8,0.106940866,0.94481623,1,0.00972084,0.016340137,0.9236611723899841,-0.12787564,0.8598546385765076,False,False,False,clean
178,2,0.11879464,0.9347648,1,0.0055354377,0.0078882575,0.41837427020072937,-0.42129555,-1.060433268547058,False,False,False,clean
179,6,0.05571951,0.9656501,1,0.0026583937,0.016867638,-1.0095958709716797,0.48030317,0.23797081410884857,False,False,False,clean
180,9,0.6484786,0.8246298,1,0.006014818,0.010950327,33.10745620727539,-3.6363413,1.2890037298202515,True,False,False,action_noise
181,5,0.1067816,0.9730237,1,0.011887932,0.010606945,0.37674447894096375,0.6955531,-0.6844697594642639,False,False,False,clean
182,5,0.079176694,0.9330353,2,0.013140291,0.17000914,-0.6911964416503906,-0.4717825,34.24663543701172,False,False,True,label_swap
183,7,0.5978465,0.8872668,1,0.010868422,0.022271872,32.73490905761719,-1.8078501,5.5617475509643555,True,False,True,action_noise
184,3,0.10089585,0.94404054,1,0.0071412735,0.021168947,0.674490749835968,-0.15051961,0.4834136962890625,False,False,False,clean
185,3,0.07057688,0.9492943,1,0.004825768,0.009312391,-1.4862499237060547,0.0028483314,-0.9663172364234924,False,False,False,clean
186,2,0.10346314,0.82242894,0,0.0,0.010425687,-0.3305378258228302,-3.700588,-0.6744906902313232,False,False,False,clean
187,6,0.053933997,0.94898695,0,0.0,0.012454748,-1.2024723291397095,-0.0061246958,-0.4161374866962433,False,False,False,clean
188,4,0.12502182,0.9679773,1,0.013825618,0.015178204,0.06447256356477737,0.5482386,1.1282062530517578,False,False,False,clean
189,8,0.07397746,0.8838017,1,0.008057869,0.011314273,-1.5783802270889282,-1.9090033,-0.6639727354049683,False,False,False,clean
190,0,0.093274064,0.96850634,1,0.0079163285,0.00819695,-1.2160217761993408,0.56368256,-1.3774707317352295,False,False,False,clean
191,9,0.072838746,0.9830643,1,0.000729951,0.008190572,-0.44206106662750244,0.9886564,0.2627611756324768,False,False,False,clean
192,8,0.092955746,0.93352777,1,0.0043451423,0.012575984,-0.13785997033119202,-0.45740688,-0.2814255356788635,False,False,False,clean
193,2,0.109059304,0.89547634,0,0.0,0.017378688,-0.05717692896723747,-1.5681987,0.38305965065956116,False,False,False,clean
194,6,0.060048282,0.9595546,1,0.0072724507,0.034212053,-0.5419889092445374,0.3023651,2.8088772296905518,False,False,False,clean
195,4,0.11706596,0.9563162,1,0.013027483,0.007666528,-0.46343863010406494,0.20782901,-0.8891347050666809,False,False,False,clean
196,0,0.111922465,0.95894486,1,0.007397188,0.11549193,1.164694905281067,0.28456518,28.439035415649414,False,False,True,label_swap
197,1,0.092422284,0.9441335,1,0.010868443,0.0049417615,1.022668719291687,-0.14780526,-1.4150315523147583,False,False,False,clean
198,8,0.58624834,0.81839335,1,0.0047585997,0.010344267,37.304832458496094,-3.8183944,-0.958075761795044,True,False,False,action_noise
199,5,0.115075715,0.9447434,1,0.010621817,0.021888852,0.6976158022880554,-0.13000189,1.7878267765045166,False,False,False,clean
200,5,0.083212204,0.96720916,2,0.013961598,0.010611057,-0.5350761413574219,0.52581555,-0.68356853723526,False,False,False,clean
201,7,0.65385383,0.8677581,1,0.010390258,0.011347055,36.65707015991211,-2.3773458,0.3001706600189209,True,False,False,action_noise
202,3,0.099744454,0.94023645,1,0.0067438623,0.02513957,0.5924341678619385,-0.261568,0.9689117670059204,False,False,False,clean
203,4,0.086005285,0.93919283,1,0.0067714844,0.12872744,-2.524470806121826,-0.29203314,31.623069763183594,False,False,True,label_swap
204,6,0.06613244,0.96655095,1,0.0018794171,0.011147797,0.11524015665054321,0.5066011,-0.6098626255989075,False,False,False,clean
205,4,0.11554771,0.97196805,1,0.009046134,0.017822087,-0.5641821622848511,0.6647365,1.8382494449615479,False,False,False,clean
206,8,0.0832421,0.9729596,1,0.0030244107,0.14678943,-0.8751605749130249,0.69368094,40.411705017089844,False,False,True,label_swap
207,0,0.091772325,0.97734517,1,0.00990189,0.013414264,-1.4077388048171997,0.8217045,0.07238338887691498,False,False,False,clean
208,4,0.1435307,0.96937346,1,0.010342367,0.013351798,1.2926301956176758,0.58899564,0.6377054452896118,False,False,False,clean
209,9,0.5681359,0.88861895,1,0.013219251,0.0058634877,28.42491340637207,-1.7683789,-0.6025885939598083,True,False,False,action_noise
210,1,0.08049014,0.9427103,1,0.00684119,0.010355115,-0.06850273162126541,-0.18935227,-0.039484813809394836,False,False,False,clean
211,0,0.10674833,0.9614489,0,0.0,0.014927566,0.5041473507881165,0.3576631,0.49291926622390747,False,False,False,clean
212,1,0.6678437,0.82486546,1,0.009709927,0.0088403225,53.64385223388672,-3.6294615,-0.42439737915992737,True,False,False,action_noise
213,3,0.058583073,0.9861699,1,0.0046655606,0.13974845,-2.3410115242004395,1.079314,14.982427597045898,False,False,True,label_swap
214,6,0.068005346,0.9644706,1,0.0032658835,0.012268782,0.3175569176673889,0.44587263,-0.44370269775390625,False,False,False,clean
215,7,0.1265045,0.9775768,1,0.005976676,0.0089046955,-0.27286025881767273,0.828466,-0.8761113286018372,False,False,False,clean
216,1,0.07372306,0.9624201,1,0.003906029,0.009318292,-0.6873391270637512,0.38601416,-0.3029440939426422,False,False,False,clean
217,2,0.11722061,0.9181875,1,0.0056068697,0.016256452,0.34148603677749634,-0.9052178,0.2123676985502243,False,False,False,clean
218,3,0.1021137,0.93392086,1,0.009128609,0.02273643,0.7612831592559814,-0.4459318,0.6750737428665161,False,False,False,clean
219,5,0.09245185,0.96751446,1,0.0043286355,0.014837503,-0.17762543261051178,0.5347277,0.24260713160037994,False,False,False,clean
220,1,0.06903506,0.78605586,7,0.19393279,0.007178962,-1.116047978401184,-4.762386,-0.8465532064437866,False,True,False,misaligned
221,4,0.10514468,0.94867283,1,0.011179562,0.018456042,-1.2544755935668945,-0.0152943395,2.008504867553711,False,False,False,clean
222,4,0.11417769,0.98166126,1,0.008109614,0.0073076487,-0.6550899147987366,0.9476992,-0.9855156540870667,False,False,False,clean
223,4,0.13963735,0.6561841,7,0.33007744,0.020176888,1.0342870950698853,-8.553585,2.470656394958496,False,True,False,misaligned
224,1,0.081280395,0.9697755,1,0.005615733,0.007135153,0.0037644105032086372,0.60073173,-0.8576852679252625,False,False,False,clean
225,3,0.088480406,0.72242683,7,0.21284367,0.023766398,-0.21032015979290009,-6.6198354,0.8010105490684509,False,True,False,misaligned
226,3,0.10947365,0.9432633,1,0.0009777279,0.12643671,1.2858043909072876,-0.17320883,13.354767799377441,False,False,True,label_swap
227,9,0.062807955,0.9635401,1,0.0071362513,0.010730803,-1.026676893234253,0.4187082,1.207371473312378,False,False,False,clean
228,9,0.071366556,0.9736079,1,0.0037628398,0.00823468,-0.5278634428977966,0.7126066,0.2791629731655121,False,False,False,clean
229,9,0.088759914,0.95188254,1,0.011894934,0.0062060356,0.4858585298061371,0.07840306,-0.47520872950553894,False,False,False,clean
230,2,0.10537769,0.8999424,0,0.0,0.018028438,-0.2370162159204483,-1.4378263,0.4818865656852722,False,False,False,clean
231,0,0.09760674,0.98043185,1,0.005923494,0.008510292,-0.6628978848457336,0.9118106,-1.2903953790664673,False,False,False,clean
232,7,0.12876445,0.9648348,1,0.0047619543,0.0069413185,-0.11459711194038391,0.45650384,-1.821707010269165,False,False,False,clean
233,0,0.103928566,0.98155457,1,0.0116041405,0.014868617,0.14416725933551788,0.94458467,0.4765377640724182,False,False,False,clean
234,5,0.12372059,0.59905654,8,0.36998457,0.009485185,1.0320566892623901,-10.221244,-0.9302900433540344,False,True,False,misaligned
235,0,0.10229324,0.98117304,1,0.010599142,0.013154924,-0.06460413336753845,0.9334471,0.0003147103707306087,False,False,False,clean
236,1,0.101743475,0.95400906,1,0.0025171253,0.038606226,1.8750736713409424,0.14047998,7.139193534851074,False,False,True,label_swap
237,4,0.1334314,0.68324476,7,0.296356,0.0082530975,0.6224912405014038,-7.763633,-0.7316052317619324,False,True,False,misaligned
238,5,0.07439496,0.9630827,1,0.009082184,0.010381341,-0.8761854767799377,0.40535566,-0.7339081168174744,False,False,False,clean
239,3,0.08733138,0.94787866,1,0.009217174,0.02267003,-0.29220789670944214,-0.038477704,0.6669549345970154,False,False,False,clean
240,3,0.08761802,0.94939554,2,0.012160512,0.0116990805,-0.27177950739860535,0.0058028013,-0.674490749835968,False,False,False,clean
241,5,0.08320387,0.9774887,1,0.007764673,0.018034697,-0.5353986620903015,0.8258943,0.9432341456413269,False,False,False,clean
242,1,0.090137035,0.72974277,7,0.24731915,0.009743333,0.8136870265007019,-6.40627,-0.19494017958641052,False,True,False,misaligned
243,3,0.091431566,0.9127092,1,0.0024224874,0.012837052,0.0,-1.0651402,-0.5353480577468872,False,False,False,clean
244,7,0.12693381,0.9721268,1,0.005254425,0.017076135,-0.2427954524755478,0.66937006,3.0593924522399902,False,False,True,clean
245,1,0.10618562,0.93498915,1,0.0010922983,0.092326164,2.281299591064453,-0.41474628,20.789566040039062,False,False,True,label_swap
246,4,0.13374679,0.94744486,1,0.019361457,0.009893358,0.6434184908866882,-0.05114121,-0.2910957634449005,False,False,False,clean
247,0,0.09687214,0.98449314,1,0.008328282,0.008607805,-0.7566790580749512,1.0303669,-1.263297200202942,False,False,False,clean
248,1,0.075549394,0.9822361,1,0.0036590246,0.008575201,-0.5203246474266052,0.9644795,-0.49176540970802307,False,False,False,clean
249,0,0.11000766,0.97620726,1,0.0023769322,0.02014649,0.9202443957328796,0.7884867,1.943220615386963,False,False,False,clean
250,4,0.13331692,0.9619743,1,0.006291345,0.015591145,0.6148945093154907,0.37300092,1.2391059398651123,False,False,False,clean
251,7,0.12095696,0.73722494,7,0.23812471,0.010821819,-0.6613507270812988,-6.1878514,0.047208018600940704,False,True,False,misaligned
252,1,0.08225523,0.9750711,1,0.008524098,0.0065247416,0.09291110187768936,0.7553194,-1.0127923488616943,False,False,False,clean
253,3,0.09352402,0.92472243,1,0.0066989367,0.017764151,0.14912258088588715,-0.71445096,0.06710070371627808,False,False,False,clean
254,8,0.093620196,0.93262964,1,0.0073049194,0.013777316,-0.08742579817771912,-0.48362476,0.08281473815441132,False,False,False,clean
255,8,0.12358248,0.91537154,1,0.015479121,0.013594031,2.1868200302124023,-0.987421,0.02724347449839115,False,False,False,clean
256,4,0.12950522,0.95165026,1,0.013408981,0.0060690045,0.36196887493133545,0.0716224,-1.3181668519973755,False,False,False,clean
257,0,0.09095099,0.97523266,1,0.0019443226,0.009934962,-1.512593388557434,0.76003647,-0.8944897055625916,False,False,False,clean
258,9,0.08021698,0.7957181,7,0.1722711,0.005409062,-0.012041790410876274,-4.480328,-0.7715713977813721,False,True,False,misaligned
259,3,0.094960056,0.93682176,1,0.0065087606,0.025066376,0.25146475434303284,-0.36124918,0.9599620699882507,False,False,False,clean
260,5,0.10157552,0.94998634,2,0.016620187,0.016808331,0.17533884942531586,0.023049388,0.6744906902313232,False,False,False,clean
261,9,0.064196885,0.79327494,8,0.1666884,0.008787155,-0.9457271695137024,-4.5516477,0.48460653424263,False,True,False,misaligned
262,8,0.09442669,0.9132754,1,0.0018607759,0.014440417,-0.026209868490695953,-1.0486106,0.2838652729988098,False,False,False,clean
263,3,0.06603944,0.94876295,2,0.0115011195,0.026896417,-1.8096189498901367,-0.012663504,1.1837258338928223,False,False,False,clean
264,0,0.10413835,0.66977125,7,0.309747,0.012632072,0.17094923555850983,-8.15695,-0.14498209953308105,False,True,False,misaligned
265,4,0.59529084,0.8865199,1,0.009481267,0.00851047,31.26919174194336,-1.8296536,-0.6624850034713745,True,False,False,action_noise
266,4,0.13582811,0.953517,1,0.013069174,0.014019489,0.7815245389938354,0.12611653,0.8170210719108582,False,False,False,clean
267,0,0.09436884,0.9837227,1,0.005932898,0.015339375,-1.0762593746185303,1.007876,0.607357919216156,False,False,False,clean
268,8,0.09889426,0.86903536,1,0.006275505,0.014845729,0.3128947913646698,-2.34006,0.4067545533180237,False,False,False,clean
269,2,0.0945227,0.9007899,1,0.0021514571,0.008146644,-0.7672600746154785,-1.4130856,-1.0211328268051147,False,False,False,clean
270,6,0.05646921,0.8278289,7,0.12406079,0.029983222,-0.9286110401153564,-3.5429537,2.182051420211792,False,True,False,misaligned
271,1,0.076267794,0.95578265,1,0.001996613,0.012113869,-0.4546283781528473,0.19225454,0.4074190557003021,False,False,False,clean
272,3,0.08251378,0.9369985,1,0.0068940497,0.017060637,-0.6355433464050293,-0.35609016,-0.018919672816991806,False,False,False,clean
273,7,0.60292375,0.86600035,1,0.017066402,0.015227556,33.0904655456543,-2.4286575,2.169085741043091,True,False,False,action_noise
274,8,0.102540374,0.90910554,1,0.0029153835,0.040976048,0.5896479487419128,-1.1703371,8.329391479492188,False,False,True,clean
275,4,0.12832075,0.9563145,1,0.013050995,0.00787282,0.28337374329566956,0.2077803,-0.8337329030036926,False,False,False,clean
276,2,0.11494661,0.9276046,1,0.0029209473,0.014037311,0.23040588200092316,-0.6303147,-0.1251632273197174,False,False,False,clean
277,3,0.10479967,0.96073824,1,0.004999765,0.012468934,0.952704131603241,0.33691743,-0.5803588032722473,False,False,False,clean
278,3,0.089066096,0.7241632,7,0.22440399,0.008844018,-0.1685798168182373,-6.5691485,-1.023586392402649,False,True,False,misaligned
279,9,0.5737999,0.90612674,1,0.0026317076,0.0041205287,28.755022048950195,-1.2572938,-1.250725507736206,True,False,False,action_noise
280,7,0.13762254,0.9677909,1,0.0102860555,0.011889875,0.5057287216186523,0.5427977,0.5616017580032349,False,False,False,clean
281,4,0.58631957,0.8967169,1,0.01148638,0.0074771643,30.67390251159668,-1.5319847,-0.9399904608726501,True,False,False,action_noise
282,2,0.091932975,0.92959774,1,0.004359075,0.009926319,-0.8937627673149109,-0.5721318,-0.7504444122314453,False,False,False,clean
283,6,0.5932204,0.80977285,1,0.0013931972,0.02171117,57.052860260009766,-4.070043,0.9559119939804077,True,False,False,action_noise
284,7,0.123673186,0.7517564,7,0.22679262,0.0111041665,-0.47113505005836487,-5.76365,0.1831912249326706,False,True,False,misaligned
285,9,0.088432804,0.81172514,0,0.0,0.055732846,0.46679383516311646,-4.013052,17.94183349609375,False,False,True,label_swap
286,4,0.10648337,0.97036177,1,0.008853991,0.01101625,-1.1656467914581299,0.6178461,0.010468883439898491,False,False,False,clean
287,3,0.10971085,0.9360356,1,0.004648754,0.02085048,1.3027087450027466,-0.38419938,0.44447386264801025,False,False,False,clean
288,6,0.06960829,0.9511207,0,0.0,0.019487143,0.49071210622787476,0.056162763,0.6262515187263489,False,False,False,clean
289,8,0.13904181,0.9579838,1,0.008088383,0.111166954,3.360239028930664,0.2565099,29.611072540283203,True,False,True,label_swap
290,9,0.07943571,0.9411923,2,0.0095165,0.008183479,-0.05757574737071991,-0.2336641,0.2601235806941986,False,False,False,clean
291,5,0.58169144,0.8957755,1,0.013119463,0.013192177,18.749406814575195,-1.5594658,-0.11794672161340714,True,False,False,action_noise
292,3,0.6131363,0.8274841,2,0.012530799,0.015538931,37.180301666259766,-3.5530195,-0.20498256385326385,True,False,False,action_noise
293,4,0.097378805,0.97421414,1,0.009105249,0.010861814,-1.7697805166244507,0.7303038,-0.03100646287202835,False,False,False,clean
294,7,0.13298608,0.97240597,1,0.0059330123,0.013616025,0.18104106187820435,0.6775201,1.3929451704025269,False,False,False,clean
295,0,0.09837574,0.9730135,1,0.008900138,0.0107674,-0.5647252202033997,0.69525564,-0.663161039352417,False,False,False,clean
296,7,0.62290186,0.885472,1,0.00022013436,0.010692537,34.48952102661133,-1.860244,-0.015056616626679897,True,False,False,action_noise
297,0,0.1437394,0.9568454,1,0.009721055,0.10940933,5.226550579071045,0.22327821,26.74872589111328,True,False,True,label_swap
298,9,0.083223745,0.9754751,1,0.008584538,0.0039521456,0.1631987988948822,0.7671129,-1.313340425491333,False,False,False,clean
299,9,0.06534864,0.95457125,1,0.008549021,0.0074724555,-0.8786004185676575,0.15689139,-0.0042777652852237225,False,False,False,clean
300,8,0.085054256,0.9039543,1,0.006848803,0.024226367,-0.7376116514205933,-1.3207105,3.2509372234344482,False,False,True,clean
301,0,0.10611229,0.97520155,1,0.009148479,0.007105708,0.4229482412338257,0.7591282,-1.680719017982483,False,False,False,clean
302,1,0.06603954,0.9564681,1,0.006325902,0.013677955,-1.3899825811386108,0.21226421,0.8048571348190308,False,False,False,clean
303,3,0.09362046,0.963492,1,0.00335254,0.008062661,0.15599557757377625,0.41730404,-1.1191248893737793,False,False,False,clean
304,8,0.09511729,0.8543418,0,0.0,0.013531327,0.026209302246570587,-2.7689922,0.00823177583515644,False,False,False,clean
305,7,0.13427688,0.9672986,1,0.005615772,0.010249972,0.27143481373786926,0.52842724,-0.2282031923532486,False,False,False,clean
306,6,0.072373405,0.9696562,1,0.004276707,0.014901042,0.7894077301025391,0.59725004,-0.053531285375356674,False,False,False,clean
307,0,0.08938636,0.96712565,1,0.008228745,0.017999172,-1.712339162826538,0.52337784,1.3464967012405396,False,False,False,clean
308,5,0.0891183,0.94918066,2,0.016880106,0.017467976,-0.3065890967845917,-0.000469792,0.8190439939498901,False,False,False,clean
309,0,0.11394887,0.9705355,1,0.008930608,0.013927102,1.4233920574188232,0.62291807,0.2148974984884262,False,False,False,clean
310,7,0.121509165,0.97316724,1,0.008069625,0.014704049,-0.6226800084114075,0.699743,1.916955590248108,False,False,False,clean
311,9,0.0672331,0.9896749,1,0.005455766,0.0075789094,-0.7687700390815735,1.181633,0.03530818596482277,False,False,False,clean
312,2,0.08953753,0.9049004,1,0.0023821625,0.012262225,-1.0107752084732056,-1.2930938,-0.3951534926891327,False,False,False,clean
313,9,0.09205681,0.93254817,1,0.009697085,0.005207777,0.6780086755752563,-0.4860033,-0.8464212417602539,False,False,False,clean
314,6,0.0655096,0.9743485,0,0.0,0.008753121,0.04795925319194794,0.73422575,-0.9648177027702332,False,False,False,clean
315,0,0.11159411,0.9773117,1,0.00503138,0.014218569,1.1227761507034302,0.82072663,0.2958940267562866,False,False,False,clean
316,6,0.051275708,0.96036804,1,0.00023124358,0.0152621865,-1.489628553390503,0.32611045,0.0,False,False,False,clean
317,5,0.08965715,0.9705097,1,0.009647885,0.013730407,-0.2857428789138794,0.62216467,0.0,False,False,False,clean
318,4,0.09881527,0.9597233,1,0.005493354,0.011301994,-1.6744638681411743,0.3072892,0.08720868080854416,False,False,False,clean
319,8,0.08685805,0.8565208,1,0.004134438,0.0073803663,-0.6006972193717957,-2.7053843,-1.8567218780517578,False,False,False,clean
320,7,0.13895857,0.97251076,1,0.0071960553,0.010331154,0.5992906093597412,0.68057895,-0.18910478055477142,False,False,False,clean
321,3,0.08818304,0.9576329,1,0.003041493,0.017215371,-0.2315126359462738,0.24626671,0.0,False,False,False,clean
322,1,0.080426335,0.9690903,1,0.009203941,0.014525771,-0.07433774322271347,0.580729,1.020289421081543,False,False,False,clean
323,0,0.10251678,0.9754444,1,0.007215786,0.021295547,-0.03606630489230156,0.7662168,2.262535810470581,False,False,False,clean
324,2,0.09548802,0.8716791,1,0.002521057,0.018590212,-0.7201061844825745,-2.2628837,0.5673322677612305,False,False,False,clean
325,1,0.093915775,0.9570898,1,0.010770002,0.010493994,1.1592456102371216,0.2304121,-0.004195356275886297,False,False,False,clean
326,7,0.10989389,0.97375244,1,0.0063324976,0.012075305,-1.436090111732483,0.716826,0.6509079933166504,False,False,False,clean
327,8,0.10211626,0.90446025,1,0.0067663817,0.04249984,0.5574559569358826,-1.3059417,8.791401863098145,False,False,True,clean
328,7,0.12226543,0.97343206,1,0.008133474,0.011556089,-0.5697193741798401,0.7074737,0.4008447229862213,False,False,False,clean
329,7,0.11848002,0.97361815,1,0.008100964,0.010380626,-0.8348090648651123,0.7129059,-0.16527830064296722,False,False,False,clean
330,9,0.120271005,0.96926975,1,0.004625921,0.15680474,2.322391986846924,0.5859681,55.52643585205078,False,False,True,label_swap
331,4,0.13444422,0.92046374,1,0.009749249,0.013882518,0.689696729183197,-0.8387701,0.7802359461784363,False,False,False,clean
332,7,0.1210453,0.9598791,1,0.0059857327,0.012358546,-0.6551642417907715,0.3118375,0.7873218059539795,False,False,False,clean
333,7,0.13253751,0.97559047,1,0.004883717,0.010707438,0.14962802827358246,0.77048147,-0.00787996407598257,False,False,False,clean
334,5,0.13018261,0.920114,2,0.019898186,0.0106835365,1.282050609588623,-0.84898025,-0.6676855683326721,False,False,False,clean
335,0,0.119527526,0.96490306,1,0.0062688757,0.12025356,2.135582208633423,0.4584961,29.76226043701172,False,False,True,label_swap
336,5,0.62245774,0.88707227,1,0.013973935,0.011106133,20.326519012451172,-1.8135294,-0.5750784277915955,True,False,False,action_noise
337,8,0.10064822,0.92127854,1,0.012326865,0.0143300295,0.44602641463279724,-0.81498474,0.2503959834575653,False,False,False,clean
338,8,0.0879638,0.9335936,1,0.0063710352,0.008234739,-0.5167669057846069,-0.45548597,-1.5976784229278564,False,False,False,clean
339,2,0.14725824,0.91767526,1,0.014478215,0.019583344,1.8087620735168457,-0.92017114,0.7183875441551208,False,False,False,clean
340,5,0.13074088,0.95790267,1,0.015199359,0.012364328,1.3036482334136963,0.2541418,-0.2993600070476532,False,False,False,clean
341,6,0.07754361,0.9579508,1,0.0025361113,0.020126343,1.347908616065979,0.25554597,0.7209981083869934,False,False,False,clean
342,2,0.10712607,0.8200863,0,0.0,0.013644099,-0.1516113132238388,-3.768974,-0.1849706768989563,False,False,False,clean
343,0,0.10195838,0.9779796,1,0.0072491625,0.008339822,-0.1073533296585083,0.84022474,-1.3377676010131836,False,False,False,clean
344,7,0.14022005,0.9585894,1,0.0052017868,0.008690953,0.6876307129859924,0.274188,-0.979053258895874,False,False,False,clean
345,3,0.087484874,0.9232447,2,0.018228572,0.0074448586,-0.2812686562538147,-0.7575883,-1.1946650743484497,False,False,False,clean
346,0,0.10343572,0.9800014,1,0.006280142,0.012199998,0.08124858886003494,0.8992445,-0.2650524079799652,False,False,False,clean
347,7,0.13816108,0.9756853,1,0.0056001088,0.00972718,0.5434425473213196,0.7732498,-0.47998887300491333,False,False,False,clean
348,5,0.08953039,0.9668245,1,0.0065016346,0.13874483,-0.29064667224884033,0.5145858,27.395431518554688,False,False,True,label_swap
349,9,0.09688007,0.97442245,0,0.0,0.0069978237,0.9591185450553894,0.73638505,-0.18077436089515686,False,False,False,clean
350,5,0.61722517,0.8638546,1,0.0145483585,0.01150322,20.124088287353516,-2.4912965,-0.48806169629096985,True,False,False,action_noise
351,3,0.07059906,0.9392873,1,0.005403436,0.011028767,-1.4846692085266113,-0.2892753,-0.7564516663551331,False,False,False,clean
352,5,0.09716186,0.9683499,1,0.008198933,0.013491273,0.004589035175740719,0.5591151,-0.05240334942936897,False,False,False,clean
353,8,0.5646451,0.8436625,1,0.0027190947,0.014052868,35.665069580078125,-3.080741,0.16636139154434204,True,False,False,action_noise
354,1,0.10914576,0.9413783,1,0.008677749,0.10616112,2.5519986152648926,-0.2282354,24.30506134033203,False,False,True,label_swap
355,1,0.07078887,0.9866791,1,0.0070416275,0.0106758475,-0.955665647983551,1.0941786,0.042014144361019135,False,False,False,clean
356,1,0.09359962,0.6654821,7,0.2888911,0.021279573,1.130333662033081,-8.282158,2.73644757270813,False,True,False,misaligned
357,2,0.6571604,0.802438,0,0.0,0.012917697,26.7164306640625,-4.28416,-0.29545629024505615,True,False,False,action_noise
358,3,0.102915004,0.96035415,1,0.009511135,0.01854664,0.8183895349502563,0.32570505,0.16277769207954407,False,False,False,clean
359,5,0.08735746,0.952891,2,0.015973393,0.006656885,-0.3747100830078125,0.107841626,-1.5500785112380981,False,False,False,clean
360,7,0.12851262,0.7347543,7,0.2456627,0.007822156,-0.13223257660865784,-6.259973,-1.397480845451355,False,True,False,misaligned
361,3,0.11300545,0.9202072,1,0.008582678,0.02086705,1.5375049114227295,-0.84625894,0.44649991393089294,False,False,False,clean
362,0,0.103854395,0.9818122,1,0.006640561,0.010946512,0.13469840586185455,0.9521048,-0.6133871078491211,False,False,False,clean
363,5,0.09403636,0.95829046,1,0.010801361,0.02216971,-0.11632588505744934,0.26546207,1.8493732213974,False,False,False,clean
364,9,0.07498665,0.9507821,1,0.0056065256,0.0058176517,-0.3168765604496002,0.046279732,-0.6196331977844238,False,False,False,clean
365,2,0.6157448,0.8197291,1,0.0068668155,0.01964724,24.69336700439453,-3.7794018,0.7281061410903931,True,False,False,action_noise
366,5,0.062361114,0.98186624,1,0.0010137192,0.14401019,-1.3417346477508545,0.95368296,28.549270629882812,False,False,True,label_swap
367,0,0.11370714,0.97702414,1,0.006393336,0.0136368275,1.392532467842102,0.812333,0.13423225283622742,False,False,False,clean
368,9,0.06832312,0.94255424,1,0.006882851,0.0072154403,-0.705241322517395,-0.19390751,-0.09985145926475525,False,False,False,clean
369,1,0.08559783,0.7517155,7,0.22523391,0.012311697,0.39858531951904297,-5.7648454,0.4576876163482666,False,True,False,misaligned
370,7,0.1320373,0.9707316,1,0.008547749,0.013132095,0.11459815502166748,0.62864256,1.1598762273788452,False,False,False,clean
371,8,0.0836504,0.90391296,1,0.006667922,0.009491324,-0.8441691398620605,-1.3219181,-1.21668541431427,False,False,False,clean
372,9,0.09985521,0.9630908,1,0.009716422,0.0056768656,1.132515788078308,0.40559232,-0.671985924243927,False,False,False,clean
373,4,0.1129842,0.9743661,1,0.010663608,0.011900187,-0.7342837452888489,0.73474073,0.24785961210727692,False,False,False,clean
374,1,0.08544488,0.9449036,1,0.004376597,0.09287697,0.3845987617969513,-0.12532485,20.929527282714844,False,False,True,label_swap
375,8,0.10332984,0.9013993,1,0.0046712463,0.01296562,0.6495711207389832,-1.3952961,-0.1632891595363617,False,False,False,clean
376,6,0.07399525,0.96633714,1,0.004105578,0.01042676,0.9646040201187134,0.5003598,-0.7167396545410156,False,False,False,clean
377,8,0.08384747,0.87201893,1,0.008118336,0.00774163,-0.8292109966278076,-2.252964,-1.7471877336502075,False,False,False,clean
378,7,0.119249575,0.9364711,1,0.0077913925,0.0107162,-0.7809175848960876,-0.3714854,-0.00366009259596467,False,False,False,clean
379,10,0.14058673,0.9522487,1,0.017538052,0.013437688,-1.9878686666488647,0.0890917,-0.42516547441482544,False,False,False,clean
380,11,0.09311406,0.906994,1,0.0250541,0.01802373,-0.7750204205513,-1.2319773,0.6345319747924805,False,False,False,clean
381,11,0.101224996,0.5804226,7,0.323198,0.020054042,-0.187301367521286,-10.765203,0.9543423056602478,False,True,False,misaligned
382,12,0.55664104,0.87095773,1,0.016992202,0.015212417,39.78992462158203,-2.2839425,-0.564521074295044,True,False,False,action_noise
383,12,0.1386689,0.9135239,1,0.008376617,0.016336203,-0.09989079087972641,-1.0413566,-0.37984421849250793,False,False,False,clean
384,13,0.14310268,0.93807566,1,0.013079479,0.0140711665,-0.6412155628204346,-0.3246454,-0.022584468126296997,False,False,False,clean
385,14,0.15396428,0.58831406,7,0.38066053,0.011565864,0.7387435436248779,-10.534837,-0.955618143081665,False,True,False,misaligned
386,15,0.5951825,0.77204245,1,5.126987e-05,0.01099956,27.67739486694336,-5.1714635,-0.5570138692855835,True,False,False,action_noise
387,12,0.14066468,0.9259483,1,0.014732908,0.022326231,0.09058020263910294,-0.678665,0.6045242547988892,False,False,False,clean
388,16,0.12990476,0.8755949,1,0.0072108232,0.00803417,0.6844105124473572,-2.1485746,-0.8715969324111938,False,False,False,clean
389,14,0.12708648,0.9047825,0,0.0,0.016877651,-0.321748286485672,-1.2965354,0.2284841537475586,False,False,False,clean
390,16,0.12828705,0.88428956,1,0.0096207885,0.016279757,0.6080302000045776,-1.8947616,0.8534163236618042,False,False,False,clean
391,13,0.16268253,0.95057,1,0.012808778,0.02194637,0.22485968470573425,0.04008718,1.52993905544281,False,False,False,clean
392,17,0.15039529,0.97102433,1,0.012418078,0.012016892,-0.008476143702864647,0.6371876,0.2880063056945801,False,False,False,clean
393,13,0.157599,0.96466106,1,0.010079009,0.0133847,0.0,0.45143184,-0.15791502594947815,False,False,False,clean
394,17,0.13071911,0.9792747,1,0.0057717883,0.0068411827,-1.2131140232086182,0.8780308,-1.02827787399292,False,False,False,clean
395,17,0.1532761,0.9770685,1,0.008108707,0.012423515,0.16789625585079193,0.81362754,0.39141845703125,False,False,False,clean
396,14,0.11004899,0.9670462,1,0.008378656,0.015958846,-0.9939801692962646,0.5210585,0.023664241656661034,False,False,False,clean
397,14,0.5811226,0.8554222,0,0.0,0.022223294,17.59271812438965,-2.7374537,1.4201334714889526,True,False,False,action_noise
398,18,0.14409107,0.9668795,1,0.014324238,0.015833616,-0.6813172101974487,0.5161918,0.2620687186717987,False,False,False,clean
399,19,0.08114889,0.5560598,0,0.0,0.020057082,-1.1515105962753296,-11.476399,0.5121421813964844,False,False,False,clean
400,12,0.08701475,0.81224763,0,0.0,0.057613254,-5.02958345413208,-3.9977994,6.403400421142578,False,False,True,label_swap
401,17,0.15066965,0.9777793,1,0.010410236,0.014450133,0.008321053348481655,0.8343784,0.906826913356781,False,False,False,clean
402,18,0.17476948,0.96096003,1,0.015107678,0.012825131,1.0237009525299072,0.34339184,-0.32234662771224976,False,False,False,clean
403,11,0.11361986,0.9134095,1,0.01730379,0.007350266,0.7108315229415894,-1.0446973,-1.0467280149459839,False,False,False,clean
404,14,0.104635164,0.9310641,0,0.0,0.012448311,-1.2075881958007812,-0.52932507,-0.7589033246040344,False,False,False,clean
405,17,0.08145187,0.45287338,1,0.007200488,0.064257324,-4.229410171508789,-14.488602,13.573768615722656,False,False,True,label_swap
406,16,0.10799746,0.8053496,0,0.0,0.009120941,-0.3499414026737213,-4.1991663,-0.6442395448684692,False,False,False,clean
407,11,0.10352521,0.902819,1,0.016666565,0.012263775,-0.020627887919545174,-1.3538536,-0.27276313304901123,False,False,False,clean
408,11,0.10416149,0.9361665,1,0.011401452,0.020136297,0.025477537885308266,-0.38037667,0.9672988653182983,False,False,False,clean
409,12,0.59315914,0.86466986,1,0.0037325507,0.017441392,43.27508544921875,-2.467497,-0.19822345674037933,True,False,False,action_noise
410,19,0.11336286,0.5535813,0,0.0,0.009545922,0.4653664529323578,-11.548751,-0.8977779150009155,False,False,False,clean
411,15,0.13779515,0.7907107,0,0.0,0.015842915,1.8563083410263062,-4.626503,0.6658822894096375,False,False,False,clean
412,16,0.12311976,0.80509764,1,0.0025491477,0.011643767,0.36405685544013977,-4.206521,-0.11645317077636719,False,False,False,clean
413,13,0.15506175,0.9613886,1,0.017586492,0.01319778,-0.11223012953996658,0.35590222,-0.19476459920406342,False,False,False,clean
414,12,0.13281736,0.9475506,1,0.013774553,0.018707275,-0.6583411693572998,-0.0480545,0.009804896079003811,False,False,False,clean
415,17,0.15841186,0.9780342,1,0.0117788,0.008224487,0.48232370615005493,0.8418185,-0.6764764189720154,False,False,False,clean
416,19,0.13268754,0.93316925,1,0.015189677,0.09335405,1.4353065490722656,-0.4678728,10.343870162963867,False,False,True,label_swap
417,11,0.14915898,0.9392538,0,0.0,0.033757687,3.2860004901885986,-0.29025316,3.1129095554351807,True,False,True,label_swap
418,16,0.10292894,0.8438173,1,0.0035725557,0.008385658,-0.5892515182495117,-3.0762224,-0.7980639338493347,False,False,False,clean
419,14,0.11542749,0.69045335,7,0.25094056,0.017804205,-0.7817658185958862,-7.5532007,0.43503138422966003,False,True,False,misaligned
420,15,0.6223214,0.7452314,1,0.0039247265,0.0140814185,29.2094783782959,-5.9541283,0.22112300992012024,True,False,False,action_noise
421,19,0.09417541,0.6393614,6,0.16022958,0.024122238,-0.49768614768981934,-9.04467,1.0574240684509277,False,True,False,misaligned
422,19,0.19548646,0.94862264,1,0.020169085,0.06568605,4.587296962738037,-0.016759394,6.632607936859131,True,False,True,label_swap
423,14,0.13891071,0.94545126,1,0.0037652806,0.014429271,0.14478924870491028,-0.109338,-0.31730809807777405,False,False,False,clean
424,17,0.17108124,0.9739462,1,0.010723323,0.008240104,1.2579834461212158,0.7224827,-0.6725048422813416,False,False,False,clean
425,15,0.10491303,0.75757545,0,0.0,0.022164464,0.0,-5.593782,2.262007236480713,False,False,False,clean
426,10,0.19728327,0.37200174,7,0.5854041,0.012097001,1.0853846073150635,-16.849396,-0.6412303447723389,False,True,False,misaligned
427,14,0.15428571,0.8946893,1,0.0061157043,0.009297729,0.7514260411262512,-1.5911733,-1.4612303972244263,False,False,False,clean
428,11,0.09198833,0.8929416,2,0.026944224,0.008383632,-0.856590986251831,-1.6421927,-0.8839545845985413,False,False,False,clean
429,14,0.11826766,0.90164626,1,0.011394667,0.017129302,-0.6697037220001221,-1.3880874,0.28458210825920105,False,False,False,label_swap
430,14,0.15184522,0.95520675,1,0.0029692922,0.012826979,0.6551336646080017,0.17544295,-0.6744906902313232,False,False,False,clean
431,10,0.14700302,0.92078614,1,0.017238144,0.017857254,-1.6400716304779053,-0.8293586,0.2870906591415405,False,False,False,clean
432,14,0.113478705,0.9617024,1,0.011854407,0.01585269,-0.8586570620536804,0.3650632,0.0,False,False,False,clean
433,10,0.59189236,0.81841046,2,0.027160384,0.020234823,22.475292205810547,-3.8178952,0.6702592372894287,True,False,False,action_noise
434,13,0.15963276,0.9538884,1,0.01646559,0.019786596,0.0899590328335762,0.13695829,1.1041595935821533,False,False,False,clean
435,16,0.12512141,0.8886926,1,0.002832698,0.011134148,0.45856502652168274,-1.7662282,-0.22306784987449646,False,False,False,clean
436,10,0.11996938,0.9252908,0,0.0,0.086689115,-3.105438470840454,-0.69785863,11.38001823425293,False,False,True,label_swap
437,19,0.09140577,0.6969162,1,0.0055231196,0.013971269,-0.6366994380950928,-7.3645377,-0.30418160557746887,False,False,False,clean
438,18,0.6441226,0.8849062,1,0.019210875,0.012767553,27.109006881713867,-1.8767616,-0.3335314989089966,True,False,False,action_noise
439,13,0.20070313,0.96430826,1,0.017697975,0.021355748,1.9066236019134521,0.44113293,1.4135032892227173,False,False,False,clean
440,16,0.11814076,0.88128537,1,0.004728866,0.007492721,0.12897369265556335,-1.9824595,-0.9848703145980835,False,False,False,clean
441,16,0.11636826,0.8769122,0,0.0,0.013948441,0.0452851802110672,-2.1101213,0.3656946122646332,False,False,False,clean
442,15,0.10207043,0.85119885,1,0.007833612,0.006587863,-0.16047482192516327,-2.860741,-1.6709212064743042,False,False,False,clean
443,19,0.5762692,0.6732287,1,0.0012125736,0.011613488,23.699466705322266,-8.056021,-0.6204438209533691,True,False,False,action_noise
444,10,0.14120536,0.96758604,1,0.011689358,0.06922114,-1.9543360471725464,0.5368174,8.5648832321167,False,False,True,label_swap
445,17,0.1626028,0.97774905,1,0.009507923,0.009452581,0.7389060854911804,0.83349454,-0.3641481101512909,False,False,False,clean
446,18,0.14840357,0.60053885,7,0.3619114,0.009574294,-0.44164079427719116,-10.177972,-0.9538403153419495,False,True,False,misaligned
447,10,0.1831131,0.92783594,1,0.028566912,0.016445875,0.3172861635684967,-0.62356186,0.059633247554302216,False,False,False,clean
448,10,0.16102873,0.4532543,7,0.496983,0.011667252,-0.8798040151596069,-14.477482,-0.7104886770248413,False,True,False,misaligned
449,12,0.13662435,0.9385133,1,0.005937755,0.010926664,-0.2950149476528168,-0.31187055,-1.2688182592391968,False,False,False,clean
450,16,0.07802213,0.67233205,7,0.28968674,0.010622561,-1.7652249336242676,-8.082195,-0.33009403944015503,False,True,False,misaligned
451,10,0.17321427,0.9513565,1,0.017685896,0.014417946,-0.21928280591964722,0.06304608,-0.26718729734420776,False,False,False,clean
452,18,0.6369619,0.9024593,1,0.021228764,0.008816361,26.71103286743164,-1.3643525,-1.1010730266571045,True,False,False,action_noise
453,16,0.119218476,0.8772684,0,0.0,0.0062695146,0.17985813319683075,-2.099723,-1.2407705783843994,False,False,False,clean
454,16,0.12857142,0.9646933,1,0.011582917,0.04525137,0.6214568614959717,0.45237315,6.914405345916748,False,False,True,label_swap
455,17,0.15090226,0.97871524,1,0.011122785,0.016623616,0.022561997175216675,0.86169946,1.459586262702942,False,False,False,clean
456,18,0.15244898,0.961832,1,0.017034203,0.025238037,-0.21680834889411926,0.36884588,2.088931083679199,False,False,False,clean
457,13,0.65097123,0.82938623,1,0.018179912,0.007587552,21.823318481445312,-3.4974918,-1.3007689714431763,True,False,False,action_noise
458,18,0.17628531,0.9553421,1,0.001149099,0.012445211,1.107946753501892,0.17939442,-0.3961482644081116,False,False,False,clean
459,10,0.19256376,0.95727247,1,0.020764662,0.016301692,0.8295620679855347,0.2357451,0.03639664500951767,False,False,False,clean
460,16,0.08759487,0.9107179,1,0.0050268015,0.009365022,-1.3132487535476685,-1.1232692,-0.5931767225265503,False,False,False,clean
461,15,0.11658637,0.88587105,0,0.0,0.0071125627,0.659000039100647,-1.8485949,-1.5384399890899658,False,False,False,clean
462,12,0.11673995,0.9392643,1,0.0083067035,0.014862239,-2.1927130222320557,-0.2899469,-0.6220672726631165,False,False,False,clean
463,18,0.120157346,0.60731417,2,0.024128418,0.08781338,-2.0114850997924805,-9.980188,14.244547843933105,False,False,True,label_swap
464,13,0.15820238,0.5823536,7,0.37939456,0.014996409,0.02668919414281845,-10.708834,0.1598186045885086,False,True,False,misaligned
465,12,0.14417322,0.93848944,1,0.0047006733,0.018203497,0.42542290687561035,-0.31256652,-0.07298329472541809,False,False,False,clean
466,10,0.15875,0.94611037,1,0.021653997,0.015284181,-1.0033233165740967,-0.090097405,-0.12758517265319824,False,False,False,clean
467,11,0.11943862,0.90057385,1,0.018459357,0.011693478,1.1324596405029297,-1.419393,-0.3625950515270233,False,False,False,clean
468,14,0.14650619,0.9577468,0,0.0,0.015173078,0.44447681307792664,0.24959178,-0.1514989733695984,False,False,False,clean
469,19,0.11631505,0.61608475,0,0.0,0.01022774,0.6135420799255371,-9.724158,-0.806321918964386,False,False,False,clean
470,14,0.5834337,0.76250064,0,0.0,0.014356494,17.68390655517578,-5.4500065,-0.33353158831596375,True,False,False,action_noise
471,13,0.0818787,0.8206463,1,0.0028024015,0.06772035,-3.3493340015411377,-3.7526271,10.553855895996094,False,False,True,label_swap
472,15,0.085975714,0.77873147,0,0.0,0.0105342865,-1.069076657295227,-4.9761987,-0.6744906306266785,False,False,False,clean
473,19,0.12628937,0.71180594,0,0.0,0.009333611,1.1141709089279175,-6.929879,-0.9262564182281494,False,False,False,clean
474,18,0.54973286,0.92322606,0,0.0,0.011359692,21.863094329833984,-0.75813293,-0.6070166826248169,True,False,False,action_noise
475,14,0.6208588,0.87692755,0,0.0,0.015537381,19.160552978515625,-2.1096723,-0.0702885091304779,True,False,False,action_noise
476,14,0.5997385,0.8335278,0,0.0,0.009619534,18.327228546142578,-3.3765917,-1.3894935846328735,True,False,False,action_noise
477,12,0.0942971,0.9485654,1,0.0018424131,0.057038546,-4.334580898284912,-0.018429765,6.308956146240234,False,False,True,label_swap
478,10,0.110467434,0.84262294,1,0.0073759053,0.046607018,-3.6204946041107178,-3.1110878,4.920396327972412,False,False,True,label_swap
479,14,0.18764165,0.9546685,1,0.005807066,0.016733885,2.067519187927246,0.15973102,0.19643579423427582,False,False,False,clean
480,14,0.11750819,0.92864215,0,0.0,0.018883824,-0.699669599533081,-0.600027,0.675699770450592,False,False,False,clean
481,10,0.17657378,0.9607512,1,0.017116878,0.020136416,-0.03717944771051407,0.337295,0.6543999910354614,False,False,False,clean
482,14,0.14174302,0.9363849,0,0.0,0.010350227,0.2565409243106842,-0.3740014,-1.2266075611114502,False,False,False,clean
483,10,0.18217897,0.9408387,1,0.023666319,0.017756939,0.2666516602039337,-0.24398734,0.27092400193214417,False,False,False,clean
484,11,0.114061415,0.88607967,1,0.0028121276,0.008587539,0.7428269386291504,-1.8425051,-0.8518354892730713,False,False,False,clean
485,11,0.09395998,0.6691241,7,0.2821325,0.013374567,-0.713725209236145,-8.17584,-0.09779363125562668,False,True,False,misaligned
486,16,0.68379194,0.53548485,1,0.012506221,0.022881866,26.83616065979004,-12.07702,2.2346065044403076,True,False,False,action_noise
487,16,0.110789366,0.8794197,0,0.0,0.012200415,-0.21812181174755096,-2.0369225,0.0,False,False,False,clean
488,10,0.19234422,0.9510816,1,0.02212742,0.01063627,0.8176618814468384,0.055021342,-0.8766413927078247,False,False,False,clean
489,12,0.1367198,0.94810104,1,0.010883744,0.023809075,-0.28590628504753113,-0.031985875,0.8482067584991455,False,False,False,clean
490,19,0.109324604,0.6561485,1,0.015344666,0.010807633,0.26267895102500916,-8.554624,-0.7285375595092773,False,False,False,clean
491,13,0.18048549,0.93158644,1,0.013135781,0.0146766305,1.0123372077941895,-0.5140777,0.09677714854478836,False,False,False,clean
492,13,0.20529693,0.957789,1,0.016312206,0.014194846,2.109821081161499,0.25082368,0.0017978270770981908,False,False,False,clean
493,18,0.15868741,0.52861446,7,0.45741364,0.022254765,0.1299057900905609,-12.277578,1.509413480758667,False,True,False,misaligned
494,12,0.13622758,0.93084687,1,0.017949292,0.025279284,-0.3328815996646881,-0.5356673,1.0898127555847168,False,False,False,clean
495,18,0.15979426,0.9723022,1,0.013662766,0.03443104,0.19142098724842072,0.6744908,3.8747246265411377,False,False,True,label_swap
496,19,0.10300363,0.6681782,1,0.00047461657,0.018802643,-0.05458216369152069,-8.203454,0.34387728571891785,False,False,False,clean
497,14,0.09269113,0.5598215,0,0.0,0.118585706,-1.6788524389266968,-11.366588,22.90121841430664,False,False,True,label_swap
498,12,0.14207989,0.6130622,7,0.32241192,0.03965628,0.22564274072647095,-9.812392,3.4524497985839844,False,True,True,misaligned
499,16,0.08770161,0.87710196,0,0.0,0.0107916,-1.3082088232040405,-2.104581,-0.29473039507865906,False,False,False,clean
500,17,0.14896932,0.61887366,7,0.3688008,0.011065304,-0.09577832370996475,-9.642745,0.04599885269999504,False,True,False,misaligned
501,18,0.15966518,0.9505208,1,0.01073772,0.0099051595,0.1842474341392517,0.0386517,-0.8895678520202637,False,False,False,clean
502,11,0.11590022,0.88158464,1,0.021013798,0.010835946,0.8760668039321899,-1.9737232,-0.49767157435417175,False,False,False,clean
503,11,0.09794643,0.9538128,1,0.015483873,0.018277407,-0.42486679553985596,0.13475026,0.6744906306266785,False,False,False,clean
504,16,0.10680715,0.8547784,1,0.02022794,0.009718537,-0.40614190697669983,-2.756247,-0.5192197561264038,False,False,False,clean
505,18,0.15207791,0.9609989,1,0.010074276,0.02020055,-0.23743128776550293,0.34452632,1.1103706359863281,False,False,False,clean
506,15,0.09268668,0.73697245,0,0.0,0.016099095,-0.6902194619178772,-6.195222,0.7305652499198914,False,False,False,clean
507,10,0.17794557,0.940578,1,0.027855612,0.011878729,0.0371786393225193,-0.25159797,-0.6764070391654968,False,False,False,clean
508,13,0.1317129,0.96047074,1,0.010476688,0.012564063,-1.145019292831421,0.32910842,-0.31969594955444336,False,False,False,clean
509,11,0.10080903,0.9209244,1,0.018751647,0.016415358,-0.21744230389595032,-0.82532185,0.3811848759651184,False,False,False,clean
510,13,0.12055468,0.97587407,1,0.01065379,0.01846683,-1.6385804414749146,0.77876025,0.8439799547195435,False,False,False,clean
511,10,0.18852976,0.9514222,1,0.02008339,0.016634226,0.610897958278656,0.06496527,0.08998779952526093,False,False,False,clean
512,14,0.12935925,0.9087401,0,0.0,0.016364932,-0.23207376897335052,-1.1810049,0.11418893188238144,False,False,False,clean
513,10,0.16843806,0.39023638,7,0.52099836,0.011902511,-0.4781787395477295,-16.317093,-0.6725742816925049,False,True,False,misaligned
514,18,0.15888871,0.9684456,1,0.007562452,0.011022806,0.14109346270561218,0.5619095,-0.6724585890769958,False,False,False,clean
515,19,0.121405326,0.933619,1,0.0032896216,0.13318038,0.8690320253372192,-0.454743,15.685996055603027,False,False,True,label_swap
516,19,0.09272159,0.7059354,1,0.0011738561,0.023726583,-0.5706561803817749,-7.1012506,1.0043525695800781,False,False,False,clean
517,11,0.088411875,0.66566056,7,0.27908975,0.020656228,-1.115741491317749,-8.276949,1.0491973161697388,False,True,False,misaligned
518,13,0.15535714,0.9470636,1,0.013505862,0.017556012,-0.09916433691978455,-0.06227006,0.664420485496521,False,False,False,clean
519,19,0.59335214,0.74464643,1,0.00304484,0.013832033,24.556888580322266,-5.9712043,-0.32285815477371216,True,False,False,action_noise
520,18,0.11533453,0.9311203,1,0.01508034,0.04100883,-2.2795233726501465,-0.527686,5.1524977684021,False,False,True,label_swap
521,18,0.14875002,0.9822377,1,0.007407287,0.01295203,-0.42238596081733704,0.9645265,-0.29769590497016907,False,False,False,clean
522,10,0.20013396,0.9500358,1,0.014905365,0.021468282,1.2399075031280518,0.024493562,0.8690431714057922,False,False,False,clean
523,12,0.14033593,0.9284052,1,0.0017142919,0.0131854415,0.05920549854636192,-0.6069434,-0.8976230621337891,False,False,False,clean
524,17,0.6184351,0.89830387,1,0.013613632,0.007748127,28.646398544311523,-1.485658,-0.7976241707801819,True,False,False,action_noise
525,19,0.099136494,0.48837194,1,0.0029922551,0.014210463,-0.24868057668209076,-13.4523325,-0.27209725975990295,False,False,False,clean
526,12,0.14581661,0.9250152,1,0.0069002784,0.023797333,0.5822622776031494,-0.70590425,0.846277117729187,False,False,False,clean
527,13,0.1612864,0.93906796,1,0.0122763775,0.032627106,0.16310450434684753,-0.29567838,3.635547161102295,False,False,True,clean
528,14,0.13595623,0.6396339,6,0.31901568,0.013275683,0.028217045590281487,-9.0367155,-0.5744657516479492,False,True,False,misaligned
529,16,0.09400568,0.8434406,0,0.0,0.013957262,-1.010562539100647,-3.087219,0.3675401210784912,False,False,False,clean
530,17,0.14823113,0.9740444,1,0.011955849,0.015224934,-0.1409725695848465,0.7253484,1.1038738489151,False,False,False,clean
531,17,0.09253349,0.84536606,0,0.0,0.0549497,-3.5509581565856934,-3.0310109,11.206658363342285,False,False,True,label_swap
532,10,0.1731392,0.9632232,1,0.017571663,0.0121766925,-0.2233521193265915,0.40945852,-0.6283872723579407,False,False,False,clean
533,14,0.11814634,0.92257804,1,0.0019486955,0.013778925,-0.674490749835968,-0.7770499,-0.4622831344604492,False,False,False,clean
534,12,0.14502755,0.93495905,1,0.0070976024,0.016160369,0.5069570541381836,-0.41562498,-0.40873977541923523,False,False,False,clean
535,15,0.11493507,0.7884204,0,0.0,0.0132056475,0.565778374671936,-4.6933613,0.0,False,False,False,clean
536,13,0.16236556,0.9553016,1,0.0035995967,0.011654019,0.21083882451057434,0.17821124,-0.4991026520729065,False,False,False,clean
537,10,0.10952382,0.95829594,1,0.021672398,0.017789364,-3.6716434955596924,0.26562214,0.27614957094192505,False,False,False,clean
538,12,0.1379137,0.9321645,1,0.010297567,0.015081048,-0.17196358740329742,-0.4972035,-0.586109459400177,False,False,False,clean
539,11,0.09620411,0.8789969,1,0.015288281,0.017222285,-0.5511153340339661,-2.049264,0.5082902908325195,False,False,False,clean
540,13,0.14591455,0.9228292,1,0.0085965125,0.011225343,-0.5168378353118896,-0.76971763,-0.5836122632026672,False,False,False,clean
541,19,0.09959286,0.6281491,1,0.00106427,0.016812325,-0.22577489912509918,-9.371978,0.07690487802028656,False,False,False,clean
542,11,0.09103863,0.9403791,1,0.021110998,0.016299605,-0.9254065752029419,-0.25740427,0.3629518449306488,False,False,False,clean
543,14,0.13325784,0.9072907,1,0.008713413,0.021895587,-0.07825081050395966,-1.2233157,1.3470813035964966,False,False,False,clean
544,17,0.1474107,0.97216296,1,0.006467359,0.0070724487,-0.19120177626609802,0.67042625,-0.9694623351097107,False,False,False,clean
545,17,0.5636072,0.9107212,1,0.011369075,0.0093304515,25.289663314819336,-1.1231735,-0.39520812034606934,True,False,False,action_noise
546,14,0.1434,0.9071523,0,0.0,0.012571394,0.321918785572052,-1.227356,-0.7314655184745789,False,False,False,clean
547,19,0.095731355,0.6094498,1,0.0073475973,0.03558874,-0.41959062218666077,-9.917845,2.595489501953125,False,False,False,clean
548,17,0.13101958,0.9515368,1,0.0104643265,0.05719292,-1.1947184801101685,0.06830949,11.777153968811035,False,False,True,label_swap
549,10,0.1753554,0.94682837,1,0.013123387,0.021932304,-0.10322203487157822,-0.06913772,0.9438248872756958,False,False,False,clean
550,17,0.15777597,0.9793609,1,0.011979701,0.007831752,0.4433923661708832,0.8805468,-0.7763566374778748,False,False,False,clean
551,10,0.178875,0.2796133,7,0.69528544,0.015850008,0.08755868673324585,-19.546385,-0.03639664500951767,False,True,False,misaligned
552,19,0.09002679,0.65003866,1,0.009802198,0.018060565,-0.7059130668640137,-8.732981,0.2443382889032364,False,False,False,clean
553,15,0.08968006,0.7860149,1,0.0031092751,0.014960647,-0.8599536418914795,-4.7635813,0.4431188702583313,False,False,False,clean
554,14,0.13269685,0.9277832,1,0.004858009,0.026986778,-0.10038501769304276,-0.62510175,2.482008218765259,False,False,False,clean
555,14,0.12170604,0.59354174,7,0.31121877,0.019022942,-0.5340390205383301,-10.382231,0.7067117691040039,False,True,False,misaligned
556,14,0.16388248,0.9332706,1,0.0047207423,0.014745712,1.1300764083862305,-0.46491486,-0.24676714837551117,False,False,False,clean
557,17,0.14447066,0.97454554,1,0.007299358,0.011610746,-0.3712005317211151,0.7399781,0.18471543490886688,False,False,False,clean
558,17,0.686737,0.83396465,0,0.0,0.0111166835,32.828060150146484,-3.3638394,0.05906558781862259,True,False,False,action_noise
559,12,0.12415032,0.9398681,1,0.007968567,0.028696656,-1.4854931831359863,-0.27232102,1.6514050960540771,False,False,False,clean
560,12,0.1545856,0.9178095,1,0.017268712,0.016028762,1.4191443920135498,-0.91625273,-0.4303673505783081,False,False,False,clean
561,19,0.11363529,0.55556333,5,0.1398972,0.025681078,0.47903984785079956,-11.490891,1.2665199041366577,False,True,False,misaligned
562,13,0.16659534,0.55780065,7,0.38736895,0.021391392,0.3979347348213196,-11.42558,1.4205302000045776,False,True,False,misaligned
563,10,0.15027879,0.9085262,1,0.0281663,0.023394942,-1.4625076055526733,-1.1872497,1.179543375968933,False,False,False,clean
564,13,0.1354329,0.96913326,1,0.011745026,0.010331929,-0.9804725646972656,0.58198357,-0.7597405910491943,False,False,False,clean
565,17,0.16071428,0.9757949,1,0.012401591,0.013305426,0.6232852935791016,0.77644956,0.6157054901123047,False,False,False,clean
566,19,0.082968205,0.51026005,0,0.0,0.01574111,-1.060196042060852,-12.813378,-0.06678307801485062,False,False,False,clean
567,16,0.62089944,0.7407776,1,0.009478213,0.015910387,23.866695404052734,-6.084142,0.7761424779891968,True,False,False,action_noise
568,10,0.17612123,0.93541545,1,0.003425114,0.013215065,-0.061709966510534286,-0.40230203,-0.4610433876514435,False,False,False,clean
569,16,0.13550788,0.7225879,1,0.0039835675,0.0115276575,0.9489614963531494,-6.6151342,-0.14074386656284332,False,False,False,clean
570,12,0.15999271,0.97479826,1,0.0064059338,0.05464703,1.9351801872253418,0.7473555,5.915946960449219,False,False,True,label_swap
571,11,0.121624425,0.92506963,1,0.02717118,0.014496684,1.2908433675765991,-0.70431566,0.07895972579717636,False,False,False,clean
572,18,0.09615227,0.871187,1,0.0027393708,0.040280163,-3.345618724822998,-2.2772505,5.010950088500977,False,False,True,label_swap
573,18,0.17113422,0.9568502,1,0.025210233,0.016874611,0.8216636776924133,0.22341742,0.46428796648979187,False,False,False,clean
574,14,0.13107486,0.9652631,1,0.006849861,0.012503922,-0.16438238322734833,0.46900725,-0.7465065121650696,False,False,False,clean
575,16,0.62893975,0.76774836,0,0.0,0.013540208,24.246318817138672,-5.296816,0.2802906334400177,True,False,False,action_noise
576,12,0.13635506,0.6383528,7,0.3150748,0.011422098,-0.32071539759635925,-9.074112,-1.187401294708252,False,True,False,misaligned
577,19,0.10517857,0.6649935,1,0.00084562635,0.013161778,0.05458216369152069,-8.29642,-0.4127630889415741,False,False,False,clean
578,16,0.12067291,0.90196687,1,0.017285686,0.013037801,0.24852921068668365,-1.3787282,0.17518477141857147,False,False,False,clean
579,11,0.10869706,0.8606988,1,0.01299734,0.023130894,0.35412493348121643,-2.5834193,1.4390010833740234,False,False,False,clean
580,17,0.15539245,0.97639066,1,0.012452396,0.014651656,0.2974660396575928,0.7938406,0.9580782055854797,False,False,False,clean
581,13,0.17367856,0.95085007,1,0.011105893,0.011190534,0.7112467288970947,0.048263296,-0.590474545955658,False,False,False,clean
582,10,0.17836607,0.9611766,1,0.020220378,0.009154081,0.05997174605727196,0.34971315,-1.1155105829238892,False,False,False,clean
583,11,0.098715395,0.94355226,1,0.009091848,0.018353343,-0.3691473603248596,-0.16477345,0.6864519715309143,False,False,False,clean
584,14,0.07916475,0.78180647,1,0.0027860664,0.05794543,-2.212549924850464,-4.8864336,9.38330364227295,False,False,True,label_swap
585,19,0.081535704,0.4723237,2,0.011139856,0.018277943,-1.1320958137512207,-13.920811,0.2734964191913605,False,False,False,clean
586,11,0.098918065,0.8476384,1,0.021897413,0.0103468895,-0.35446181893348694,-2.9646764,-0.5747066140174866,False,False,False,clean
587,13,0.16977629,0.9677859,1,0.014579687,0.014185727,0.538637638092041,0.54265153,0.0,False,False,False,clean
588,14,0.17252329,0.9026689,1,0.005685428,0.016209722,1.4710086584091187,-1.3582348,0.07958944886922836,False,False,False,clean
589,15,0.07470117,0.83168656,0,0.0,0.008396745,-1.7055635452270508,-3.430341,-1.2141975164413452,False,False,False,clean
590,18,0.1420238,0.5731046,7,0.40262365,0.010864735,-0.7962100505828857,-10.978828,-0.7031648755073547,False,True,False,misaligned
591,14,0.10606306,0.73181766,6,0.20436841,0.02915299,-1.1512490510940552,-6.3457,2.9648995399475098,False,True,False,misaligned
592,14,0.13524108,0.8972486,0,0.0,0.015625894,0.0,-1.5164624,-0.05055723711848259,False,False,False,clean
593,12,0.13971557,0.91278726,1,0.007101723,0.060985804,0.0,-1.0628608,6.957626819610596,False,False,True,label_swap
594,12,0.1502799,0.9425035,1,0.00891186,0.020302773,1.0082226991653442,-0.19538823,0.27200016379356384,False,False,False,clean
595,11,0.10694118,0.93646127,1,0.009843179,0.0094591975,0.226893812417984,-0.3717725,-0.7145338654518127,False,False,False,clean
596,14,0.14630358,0.9314826,1,0.00039337433,0.015699625,0.43648257851600647,-0.51710874,-0.03412115201354027,False,False,False,clean
597,17,0.1641131,0.97092956,1,0.014776312,0.024770498,0.8313718438148499,0.63442105,3.5314974784851074,False,False,True,label_swap
598,17,0.14763528,0.9781248,1,0.009829695,0.008715093,-0.17745254933834076,0.8444633,-0.5517057776451111,False,False,False,clean
599,10,0.0997399,0.66873235,0,0.0,0.046110988,-4.20198392868042,-8.187278,4.840456008911133,False,False,True,label_swap
600,13,0.14821953,0.954272,1,0.011324053,0.02232182,-0.414882093667984,0.14815499,1.6039555072784424,False,False,False,clean
601,18,0.13436607,0.5454147,7,0.42757428,0.019884467,-1.221805214881897,-11.787149,1.0489696264266968,False,True,False,misaligned
602,16,0.10655042,0.9057011,1,0.009012462,0.024075985,-0.4182634949684143,-1.269719,2.484421491622925,False,False,False,clean
603,15,0.10998386,0.7550816,0,0.0,0.014710009,0.28626564145088196,-5.666582,0.3798355460166931,False,False,False,clean
604,17,0.15033355,0.9826658,1,0.004616257,0.007973611,-0.012255786918103695,0.97702295,-0.7402790784835815,False,False,False,clean
605,16,0.09012674,0.7891464,1,0.0015409822,0.016529858,-1.1937066316604614,-4.672167,0.9057385325431824,False,False,False,clean
606,15,0.0911352,0.84545237,0,0.0,0.00534904,-0.7778062224388123,-3.0284915,-1.9837110042572021,False,False,False,clean
607,10,0.13959259,0.9100517,1,0.015531838,0.009846091,-2.0417566299438477,-1.1427169,-1.0039864778518677,False,False,False,clean
608,18,0.6278362,0.9165734,1,0.004175736,0.014750123,26.203855514526367,-0.95233625,0.05159398540854454,True,False,False,action_noise
609,16,0.120666675,0.8106066,1,0.009694877,0.0160954,0.24823477864265442,-4.0457044,0.8148479461669922,False,False,False,clean
610,13,0.6421063,0.865886,1,0.010863823,0.015652418,21.431196212768555,-2.4319966,0.2891446352005005,True,False,False,action_noise
611,19,0.6546757,0.47301883,0,0.0,0.01214242,27.634830474853516,-13.900518,-0.549495279788971,True,False,False,action_noise
612,16,0.15301904,0.97040313,1,0.014605715,0.03243512,1.7757498025894165,0.6190536,4.233189105987549,False,False,True,label_swap
613,16,0.088726185,0.87261075,0,0.0,0.018453598,-1.259833574295044,-2.235688,1.3081934452056885,False,False,False,clean
614,19,0.14550425,0.9431013,1,0.01120032,0.10128605,2.0786004066467285,-0.17793807,11.40783405303955,False,False,True,label_swap
615,10,0.1863065,0.3843805,7,0.57255614,0.031605005,0.49038583040237427,-16.488035,2.5026752948760986,False,True,False,misaligned
616,17,0.1628125,0.9768223,1,0.010282167,0.011956215,0.75174480676651,0.8064415,0.27257484197616577,False,False,False,clean
617,16,0.09504464,0.7233517,2,0.019592836,0.0125745535,-0.96150803565979,-6.5928364,0.07827138900756836,False,False,False,clean
618,17,0.15931801,0.9540996,1,0.010987255,0.012440622,0.5378013253211975,0.143123,0.39576900005340576,False,False,False,clean
619,14,0.13513908,0.90957236,0,0.0,0.01580286,-0.004024455323815346,-1.1567097,-0.0111079765483737,False,False,False,clean
620,10,0.17160714,0.34802264,7,0.61430734,0.009946942,-0.30639806389808655,-17.549389,-0.9877333045005798,False,True,False,misaligned
621,10,0.16364324,0.9589961,1,0.019848477,0.011148751,-0.7380834817886353,0.28606156,-0.7940500974655151,False,False,False,clean
622,18,0.10690337,0.8213656,0,0.0,0.04457891,-2.748103380203247,-3.7316291,5.846005916595459,False,False,True,label_swap
623,11,0.09450144,0.87526184,2,0.03635579,0.009371161,-0.674490749835968,-2.1582975,-0.7284010648727417,False,False,False,clean
624,17,0.13657202,0.93975246,1,0.0078028664,0.06916869,-0.8547804951667786,-0.27569658,14.822824478149414,False,False,True,label_swap
625,11,0.09341444,0.5884624,7,0.3136484,0.013995409,-0.7532550692558289,-10.530506,0.0,False,True,False,misaligned
626,10,0.17504166,0.93542165,1,0.011619245,0.015714109,-0.12022861838340759,-0.40212107,-0.058298032730817795,False,False,False,clean
627,12,0.67930233,0.880301,1,0.009094645,0.018805385,51.49629211425781,-2.0111952,0.025927633047103882,True,False,False,action_noise
628,16,0.09442547,0.84300005,0,0.0,0.019957304,-0.9907422661781311,-3.100079,1.6227753162384033,False,False,False,clean
629,17,0.14855519,0.971995,1,0.010945159,0.009173036,-0.12113286554813385,0.665523,-0.43524205684661865,False,False,False,clean
630,18,0.14931276,0.9521332,1,0.008640392,0.009003997,-0.391110360622406,0.08571964,-1.0646238327026367,False,False,False,clean
631,19,0.0911997,0.59445775,0,0.0,0.014195442,-0.6470423340797424,-10.355491,-0.2741120457649231,False,False,False,clean
632,13,0.1728476,0.9377425,1,0.016364008,0.008392036,0.674490749835968,-0.33437183,-1.1421724557876587,False,False,False,clean
633,19,0.11888307,0.7009564,1,0.018230446,0.010724187,0.7424356937408447,-7.2465973,-0.739730715751648,False,False,False,clean
634,10,0.15368795,0.9438556,1,0.021542618,0.012351632,-1.2777129411697388,-0.15591875,-0.6001940369606018,False,False,False,clean
635,14,0.5359499,0.8593287,1,0.008451859,0.011500537,15.810382843017578,-2.623416,-0.9701807498931885,True,False,False,action_noise
636,14,0.16784978,0.96432763,1,0.01742763,0.02278006,1.2866103649139404,0.44169843,1.5442478656768799,False,False,False,label_swap
637,17,0.1497619,0.9700387,1,0.015269907,0.0061731935,-0.047254204750061035,0.6084154,-1.1981605291366577,False,False,False,clean
638,18,0.17348772,0.95931447,1,0.009834893,0.011602819,0.952464759349823,0.29535475,-0.5597878098487854,False,False,False,clean
639,10,0.18183744,0.94320536,1,0.023331199,0.01977557,0.2481386810541153,-0.17490008,0.5962460041046143,False,False,False,clean
640,16,0.63543427,0.72308844,1,0.014002801,0.012391269,24.55295753479004,-6.600522,0.039927512407302856,True,False,False,action_noise
641,17,0.6364853,0.85163397,1,0.0066998466,0.02145338,29.751489639282227,-2.8480392,2.687889575958252,True,False,False,action_noise
642,10,0.6420882,0.83116835,1,0.017428823,0.01803124,25.1961727142334,-3.4454684,0.31513020396232605,True,False,False,action_noise
643,17,0.55762756,0.938427,1,0.0094587505,0.0077154636,24.92357063293457,-0.31439003,-0.8059310913085938,True,False,False,action_noise
644,13,0.14501373,0.96585673,1,0.011537703,0.010300159,-0.5566837787628174,0.48633564,-0.7660036087036133,False,False,False,clean
645,14,0.17030953,0.9448824,1,0.008231581,0.014615178,1.3836623430252075,-0.12594427,-0.2758657932281494,False,False,False,clean
646,10,0.14906502,0.94029033,1,0.020592349,0.01469332,-1.5283006429672241,-0.25999507,-0.22280818223953247,False,False,False,clean
647,15,0.10736674,0.8409772,0,0.0,0.015015721,0.13852019608020782,-3.15913,0.4570246636867523,False,False,False,clean
648,14,0.10670681,0.88170606,0,0.0,0.012009382,-1.1258491277694702,-1.9701788,-0.8567491769790649,False,False,False,clean
649,17,0.17292508,0.9723347,1,0.008353841,0.010583997,1.3708691596984863,0.6754391,-0.0764070525765419,False,False,False,clean
650,13,0.19559401,0.9501484,1,0.01226172,0.021543622,1.68063223361969,0.027780367,1.4505409002304077,False,False,False,clean
651,12,0.09541311,0.90744764,1,0.013712037,0.031221807,-4.228072643280029,-1.2187344,2.0663745403289795,False,False,False,label_swap
652,16,0.13808717,0.9321827,1,0.012492968,0.07160926,1.0707423686981201,-0.49667105,12.42859172821045,False,False,True,label_swap
653,10,0.18597715,0.9687881,1,0.016002683,0.01385355,0.4725327491760254,0.5719074,-0.3581452965736389,False,False,False,clean
654,16,0.11540913,0.8919112,1,0.016859435,0.008184373,0.0,-1.6722716,-0.840173602104187,False,False,False,clean
655,14,0.21270937,0.9195267,1,0.023203934,0.07023096,3.0565922260284424,-0.86612415,12.121991157531738,True,False,True,label_swap
656,14,0.13390306,0.9216071,1,0.0063276677,0.016551375,-0.052792973816394806,-0.805394,0.1557508409023285,False,False,False,clean
657,13,0.1619643,0.58180976,7,0.3923254,0.018418074,0.19308997690677643,-10.7247095,0.8343679904937744,False,True,False,misaligned
658,16,0.09275956,0.9290406,1,0.002298045,0.013727307,-1.0693981647491455,-0.58839536,0.3194325864315033,False,False,False,clean
659,19,0.091122635,0.528798,0,0.0,0.008309245,-0.6509105563163757,-12.272222,-1.0636602640151978,False,False,False,clean
660,18,0.15465476,0.9754987,1,0.006587641,0.00851202,-0.09421772509813309,0.76780194,-1.1601930856704712,False,False,False,clean
661,18,0.16758163,0.95639163,1,0.00353451,0.024331748,0.62422114610672,0.21003182,1.912879467010498,False,False,False,clean
662,18,0.14723395,0.9656998,1,0.008196692,0.016029418,-0.5066450238227844,0.4817543,0.3001042306423187,False,False,False,clean
663,15,0.085820645,0.75925314,0,0.0,0.011572182,-1.0778309106826782,-5.544807,-0.41243284940719604,False,False,False,clean
664,19,0.1028186,0.6105902,0,0.0,0.016736865,-0.06386903673410416,-9.884554,0.06678307801485062,False,False,False,clean
665,18,0.532638,0.91063875,1,0.007104023,0.02352357,20.91301155090332,-1.1255798,1.7558859586715698,True,False,False,action_noise
666,11,0.10686377,0.9076418,1,0.019996561,0.029249549,0.22128455340862274,-1.2130656,2.4027979373931885,False,False,False,clean
667,14,0.1364342,0.88137585,1,0.015126751,0.03742957,0.04707583412528038,-1.9798183,4.809913158416748,False,False,True,label_swap
668,14,0.12436082,0.918154,1,0.0021531072,0.010931373,-0.4292917847633362,-0.9061957,-1.0970587730407715,False,False,False,clean
669,18,0.16122565,0.9454348,1,0.013335256,0.011059284,0.2709735929965973,-0.10981823,-0.6653725504875183,False,False,False,clean
670,10,0.17869739,0.9434702,1,0.017358892,0.027763963,0.07793144881725311,-0.16716939,1.8836536407470703,False,False,False,clean
671,11,0.105764806,0.8780384,1,0.019824136,0.012840033,0.14165374636650085,-2.0772445,-0.181992307305336,False,False,False,clean
672,19,0.5581995,0.7224383,1,0.0019601474,0.03432083,22.792516708374023,-6.6195016,2.425417900085449,True,False,False,action_noise
673,17,0.12499566,0.98067695,1,0.011186902,0.015384138,-1.5635219812393188,0.91896534,1.1443625688552856,False,False,False,clean
674,18,0.14452009,0.9687566,1,0.009938674,0.019340992,-0.6574735641479492,0.57098866,0.9433965086936951,False,False,False,clean
675,11,0.10287203,0.95601267,1,0.019360568,0.015860379,-0.06795720010995865,0.1989691,0.2937658429145813,False,False,False,clean
676,19,0.14599244,0.9790826,1,0.010213198,0.068647444,2.1031036376953125,0.8724229,7.029836654663086,False,False,True,label_swap
677,13,0.14190687,0.95637834,1,0.015981954,0.017715573,-0.6941094994544983,0.20964381,0.6958765983581543,False,False,False,clean
678,19,0.09075739,0.5735098,0,0.0,0.014357626,-0.6692427396774292,-10.967,-0.2523573637008667,False,False,False,clean
679,10,0.1757143,0.9488882,1,0.028718099,0.015111804,-0.08376804739236832,-0.009007826,-0.15536536276340485,False,False,False,clean
680,15,0.11643358,0.826239,0,0.0,0.015241921,0.6503745913505554,-3.5893657,0.5141376852989197,False,False,False,clean
681,18,0.14433673,0.96718794,1,0.0067656776,0.008386195,-0.667664110660553,0.52519614,-1.1846354007720947,False,False,False,clean
682,14,0.11933572,0.90640664,0,0.0,0.01356554,-0.6275624632835388,-1.249123,-0.509850800037384,False,False,False,clean
683,11,0.103809886,0.9403083,1,0.016607685,0.012428939,0.0,-0.25947133,-0.24674677848815918,False,False,False,clean
684,12,0.12620729,0.6705498,7,0.28761965,0.014543235,-1.2891829013824463,-8.134222,-0.6744906306266785,False,True,False,misaligned
685,15,0.0929653,0.8108484,0,0.0,0.0163033,-0.674490749835968,-4.0386453,0.7821249961853027,False,False,False,clean
686,14,0.14965633,0.9367164,1,0.0041582347,0.020588458,0.5687686800956726,-0.36432543,1.0556962490081787,False,False,False,clean
687,19,0.09533621,0.49378675,0,0.0,0.009465337,-0.43942347168922424,-13.294265,-0.9085872769355774,False,False,False,clean
688,11,0.14067198,0.9755223,1,0.008953966,0.055018425,2.6710314750671387,0.76849097,6.461853504180908,False,False,True,label_swap
689,18,0.5899052,0.9036298,1,0.015281884,0.016089976,24.09575843811035,-1.3301847,0.3118680417537689,True,False,False,action_noise
690,16,0.109404765,0.78281206,1,0.011035054,0.00897634,-0.2834956645965576,-4.8570786,-0.6744906902313232,False,False,False,clean
691,17,0.15506996,0.97426087,1,0.011870716,0.0059337616,0.2777221202850342,0.731668,-1.2590527534484863,False,False,False,clean
692,17,0.14421874,0.97521937,1,0.009590603,0.011267483,-0.3866238296031952,0.75964844,0.09741690754890442,False,False,False,clean
693,19,0.11724034,0.8423504,1,0.00027598307,0.028511763,0.6599839329719543,-3.119043,1.6462153196334839,False,False,False,clean
694,12,0.16504954,0.93836117,1,0.013946857,0.015750289,2.4177863597869873,-0.31631094,-0.47613006830215454,False,False,False,clean
695,11,0.11526667,0.9522946,1,0.0130373305,0.035311222,0.8301600217819214,0.09043148,3.357619047164917,False,False,True,clean
696,18,0.14158311,0.58853924,7,0.39717215,0.011273205,-0.8207021951675415,-10.528263,-0.6238171458244324,False,True,False,misaligned
697,14,0.12542301,0.9398418,0,0.0,0.023993611,-0.3873818814754486,-0.27308834,1.8147722482681274,False,False,False,clean
698,19,0.155461,0.9703233,1,0.0076470594,0.059850514,2.5783474445343018,0.6167238,5.849855422973633,False,False,True,label_swap
699,18,0.17867452,0.9729408,1,0.010529577,0.01659739,1.2407320737838745,0.6931329,0.4104361832141876,False,False,False,clean
700,16,0.12202511,0.87125134,1,0.003784725,0.00642246,0.31237319111824036,-2.2753713,-1.2087736129760742,False,False,False,clean
701,12,0.146783,0.9379291,1,0.010509162,0.010978401,0.674490749835968,-0.328924,-1.260316014289856,False,False,False,clean
702,18,0.13971025,0.6557854,7,0.33370027,0.015613556,-0.9247907996177673,-8.565224,0.21932075917720795,False,True,False,misaligned
703,19,0.10824127,0.5913022,2,0.015546162,0.010459483,0.20830433070659637,-10.447607,-0.775236964225769,False,False,False,clean
704,17,0.15953898,0.974103,1,0.0137090245,0.007890642,0.5513297915458679,0.72705877,-0.7613798975944519,False,False,False,clean
705,16,0.12674585,0.85786504,0,0.0,0.006537318,0.5352626442909241,-2.6661427,-1.1847448348999023,False,False,False,clean
706,18,0.16053137,0.96944714,1,0.016070897,0.011001885,0.23238776624202728,0.59114623,-0.6765226721763611,False,False,False,clean
707,17,0.1319866,0.96999246,1,0.0045298357,0.010703564,-1.1355140209197998,0.6070652,-0.04599885269999504,False,False,False,clean
708,10,0.63867766,0.72456765,1,0.012185606,0.009901404,25.01130485534668,-6.557341,-0.9950721859931946,True,False,False,action_noise
709,13,0.1317749,0.97596157,1,0.008383331,0.01392132,-1.142276644706726,0.78131455,-0.052125234156847,False,False,False,clean
710,15,0.081007384,0.78961635,0,0.0,0.011859715,-1.3495559692382812,-4.6584487,-0.3398338258266449,False,False,False,clean
711,12,0.14532582,0.6208089,7,0.25637963,0.019711018,0.5354235172271729,-9.586252,0.17475439608097076,False,True,False,misaligned
712,18,0.17055416,0.9635739,1,0.008318266,0.0109549165,0.7894257307052612,0.41969478,-0.6856465339660645,False,False,False,clean
713,15,0.09704137,0.810055,0,0.0,0.011338472,-0.44438251852989197,-4.0618057,-0.4714421331882477,False,False,False,clean
714,13,0.11796618,0.9737238,1,0.009080898,0.017361164,-1.7530773878097534,0.71599084,0.6260080933570862,False,False,False,clean
715,15,0.09903115,0.83464783,0,0.0,0.007997453,-0.3320524990558624,-3.343896,-1.3150144815444946,False,False,False,clean
716,10,0.18106543,0.9577259,1,0.022205606,0.010504007,0.20629140734672546,0.24898106,-0.8979568481445312,False,False,False,clean
717,16,0.59197134,0.6761266,0,0.0,0.013546705,22.500856399536133,-7.9714255,0.2816498279571533,True,False,False,action_noise
718,10,0.17891705,0.9533707,1,0.020619817,0.009772718,0.08983808010816574,0.1218449,-1.0158112049102783,False,False,False,clean
719,11,0.10910432,0.9273017,1,0.014875542,0.009067595,0.3836353123188019,-0.63915724,-0.7762181758880615,False,False,False,clean
720,13,0.13992544,0.96209973,1,0.010215052,0.009390295,-0.7817543745040894,0.3766618,-0.9453750252723694,False,False,False,clean
721,16,0.14686447,0.9813903,1,0.009646997,0.02975732,1.485162377357483,0.9397893,3.6729819774627686,False,False,True,label_swap
722,19,0.09054828,0.50577915,0,0.0,0.022994816,-0.6797386407852173,-12.944184,0.9061967134475708,False,False,False,clean
723,16,0.11769643,0.86772513,2,0.021666238,0.0099384785,0.10799466073513031,-2.378308,-0.47320711612701416,False,False,False,clean
724,18,0.15450849,0.96678436,1,0.018199079,0.014842153,-0.1023469865322113,0.5134148,0.06947125494480133,False,False,False,clean
725,19,0.08369601,0.61671317,0,0.0,0.024264932,-1.023666262626648,-9.705813,1.0765643119812012,False,False,False,clean
726,10,0.18713883,0.9371331,1,0.017886804,0.028820276,0.5355019569396973,-0.3521613,2.053889036178589,False,False,False,clean
727,10,0.191718,0.89125186,1,0.029609635,0.008350372,0.7837173938751221,-1.6915191,-1.2450361251831055,False,False,False,clean
728,16,0.10816771,0.5747137,7,0.32779217,0.0067819953,-0.3419032394886017,-10.931856,-1.1335573196411133,False,True,False,misaligned
729,16,0.107311726,0.8961385,1,0.021081915,0.0074475408,-0.3823184072971344,-1.5488694,-0.9943222403526306,False,False,False,clean
730,13,0.12449691,0.9766014,1,0.009997619,0.013563037,-1.464203953742981,0.7999931,-0.12275750935077667,False,False,False,clean
731,18,0.15804529,0.93790406,1,0.013055531,0.011734009,0.09421855956315994,-0.32965478,-0.5343034267425537,False,False,False,clean
732,18,0.15905796,0.96918726,1,0.008426635,0.011931896,0.15049974620342255,0.58355993,-0.4958626627922058,False,False,False,clean
733,15,0.58950657,0.6299797,0,0.0,0.021956801,27.356969833374023,-9.318539,2.2095746994018555,True,False,False,action_noise
734,19,0.5968623,0.60961145,1,0.005094188,0.014871001,24.73307228088379,-9.913126,-0.18349556624889374,True,False,False,action_noise
735,14,0.1395813,0.9091636,1,0.0032221002,0.016399562,0.17124776542186737,-1.1686424,0.12190870940685272,False,False,False,clean
736,16,0.116359584,0.9027169,1,0.0057431017,0.02564764,0.04487571120262146,-1.356834,2.813218832015991,False,False,False,clean
737,12,0.12768777,0.92692745,1,0.0058688135,0.014422536,-1.1478915214538574,-0.6500825,-0.6943257451057434,False,False,False,clean
738,12,0.13578033,0.9110043,1,0.008715701,0.024078488,-0.37556496262550354,-1.1149086,0.8924806118011475,False,False,False,clean
739,11,0.5978926,0.75224006,1,0.013154228,0.009594381,35.80128479003906,-5.7495317,-0.6932400465011597,True,False,False,action_noise
740,17,0.13493478,0.97865987,1,0.008415262,0.008424878,-0.9550172090530396,0.860083,-0.6255131363868713,False,False,False,clean
741,17,0.11387218,0.9612613,1,0.0004469794,0.007848799,-2.2445363998413086,0.35218567,-0.7720212340354919,False,False,False,clean
742,12,0.14827253,0.6442252,7,0.29999354,0.017139912,0.8166467547416687,-8.902687,-0.24776707589626312,False,True,False,misaligned
743,18,0.1509578,0.9728394,1,0.012009538,0.017266393,-0.2996843755245209,0.69017315,0.5403937101364136,False,False,False,clean
744,15,0.10819227,0.7687573,0,0.0,0.0078029037,0.18512429296970367,-5.2673635,-1.3641360998153687,False,False,False,clean
745,18,0.16611224,0.97232246,1,0.012242684,0.009195924,0.5425567030906677,0.6750824,-1.0273408889770508,False,False,False,clean
746,16,0.101123594,0.934565,1,0.009317173,0.011915088,-0.6744906902313232,-0.42712793,-0.05969175696372986,False,False,False,clean
747,17,0.17173633,0.9703462,1,0.014560729,0.011360586,1.298089861869812,0.61739194,0.12109468132257462,False,False,False,clean
748,13,0.17243595,0.9659127,1,0.014721175,0.01076436,0.6562824845314026,0.48796946,-0.6744906902313232,False,False,False,clean
749,10,0.18029045,0.9426099,1,0.024987116,0.019898653,0.1642833948135376,-0.19228238,0.6160821318626404,False,False,False,clean
750,10,0.16933554,0.9417026,1,0.015151531,0.02637428,-0.42953044176101685,-0.21876821,1.6596927642822266,False,False,False,clean
751,17,0.13089782,0.96836066,1,0.004366034,0.010143578,-1.202172875404358,0.55943006,-0.18841414153575897,False,False,False,clean
752,15,0.13438454,0.8679043,0,0.0,0.03413129,1.66376793384552,-2.3730776,5.283504962921143,False,False,True,clean
753,16,0.0881882,0.96074617,1,0.008729029,0.011559367,-1.2852344512939453,0.33714885,-0.13411006331443787,False,False,False,clean
754,19,0.096308574,0.6520242,1,0.0027672679,0.012320757,-0.3906189501285553,-8.675019,-0.5255739688873291,False,False,False,clean
755,16,0.09207416,0.79782087,0,0.0,0.038081586,-1.1017590761184692,-4.4189434,5.414454936981201,False,False,True,label_swap
756,13,0.15846024,0.9252737,1,0.014319984,0.012444735,0.03809531033039093,-0.698358,-0.34322047233581543,False,False,False,clean
757,11,0.123623304,0.91972595,1,0.0050962623,0.013258338,1.4356824159622192,-0.86030746,-0.11610177159309387,False,False,False,clean
758,12,0.1298633,0.93842804,1,0.011163759,0.017191827,-0.9402655363082886,-0.3143587,-0.2392355501651764,False,False,False,clean
759,16,0.12069755,0.8657016,1,0.014561773,0.011059701,0.24969254434108734,-2.4373784,-0.23864233493804932,False,False,False,clean
760,13,0.122201286,0.98145235,1,0.0077556334,0.01000756,-1.5657460689544678,0.9416006,-0.8236868381500244,False,False,False,clean
761,15,0.1141806,0.8175075,0,0.0,0.015091658,0.5231860876083374,-3.844254,0.4761977791786194,False,False,False,clean
762,12,0.13431047,0.62430656,7,0.32950282,0.024733782,-0.5158438086509705,-9.484149,1.000167965888977,False,True,False,misaligned
763,17,0.15032037,0.9538973,1,0.0069147395,0.009462178,-0.013063169084489346,0.13721754,-0.36170756816864014,False,False,False,clean
764,17,0.1503978,0.9789686,1,0.011518073,0.0073753,-0.008321966044604778,0.86909604,-0.8924413919448853,False,False,False,clean
765,19,0.121196985,0.681365,1,0.014707087,0.017963707,0.8585750460624695,-7.8185062,0.2313462495803833,False,False,False,clean
766,14,0.12257232,0.95987,1,0.0043582,0.015933156,-0.4998590648174286,0.31157127,0.017937520518898964,False,False,False,clean
767,18,0.12608674,0.655775,7,0.32988554,0.010715723,-1.6819462776184082,-8.565526,-0.7321112155914307,False,True,False,misaligned
768,10,0.17880681,0.95685893,1,0.010208498,0.012643278,0.0838625505566597,0.2236732,-0.5531924962997437,False,False,False,clean
769,15,0.11800456,0.61051923,6,0.16399163,0.016736925,0.7390616536140442,-9.886626,0.8916104435920715,False,True,False,misaligned
770,10,0.18743233,0.94155645,1,0.012617453,0.030070662,0.5514116883277893,-0.22303462,2.2554008960723877,False,False,False,clean
771,13,0.11844156,0.97325975,1,0.007465409,0.018817067,-1.7320500612258911,0.7024434,0.9130259156227112,False,False,False,clean
772,19,0.0860204,0.47151443,0,0.0,0.014548123,-0.9070007801055908,-13.944435,-0.22680503129959106,False,False,False,clean
773,11,0.10277661,0.8494747,1,0.012437854,0.010662973,-0.07487130910158157,-2.9110713,-0.5249178409576416,False,False,False,clean
774,16,0.111958645,0.71033883,0,0.0,0.013010442,-0.16291436553001404,-6.972707,0.16946125030517578,False,False,False,clean
775,18,0.17014976,0.94187963,1,0.0057592313,0.013568401,0.7669501900672913,-0.2136005,-0.17796219885349274,False,False,False,clean
776,10,0.14792411,0.9623428,1,0.007398485,0.039209247,-1.5901437997817993,0.3837574,3.728173017501831,False,False,True,label_swap
777,13,0.14850564,0.9692913,1,0.012054945,0.020903766,-0.4022262990474701,0.5865979,1.3243992328643799,False,False,False,clean
778,15,0.09535714,0.76231384,0,0.0,0.009626627,-0.5394628643989563,-5.4554596,-0.9036651253700256,False,False,False,clean
779,19,0.0836267,0.5142705,0,0.0,0.014941573,-1.0271449089050293,-12.696306,-0.1740293651819229,False,False,False,clean
780,19,0.10121016,0.63076514,0,0.0,0.01692754,-0.14459946751594543,-9.29561,0.09235940873622894,False,False,False,clean
781,15,0.099630006,0.81692463,0,0.0,0.010966361,-0.29824507236480713,-3.8612692,-0.5653964281082153,False,False,False,clean
782,18,0.14759552,0.9033273,1,0.01297969,0.048238516,-0.48654964566230774,-1.339015,6.556905269622803,False,False,True,label_swap
783,16,0.09566237,0.5885368,7,0.34968114,0.011098683,-0.9323420524597168,-10.528335,-0.23048724234104156,False,True,False,misaligned
784,12,0.15227678,0.92097235,1,0.013211761,0.018647611,1.1987990140914917,-0.82392293,0.0,False,False,False,clean
785,16,0.098029956,0.8822093,1,0.005496087,0.010652363,-0.820556640625,-1.9554883,-0.3238592743873596,False,False,False,clean
786,17,0.6258946,0.8886738,1,0.009784944,0.010067761,29.10309410095215,-1.7667781,-0.20769591629505157,True,False,False,action_noise
787,13,0.65967435,0.87492275,1,0.0071368823,0.0109708905,22.208282470703125,-2.1681962,-0.6337751746177673,True,False,False,action_noise
788,14,0.15681872,0.9515193,0,0.0,0.0137351155,0.8513683080673218,0.06779969,-0.47204911708831787,False,False,False,clean
789,17,0.1477011,0.9797429,1,0.008818477,0.011711597,-0.1734229475259781,0.89169824,0.21036383509635925,False,False,False,clean
790,12,0.13806817,0.93657,1,0.01367329,0.015278816,-0.1572219431400299,-0.3685988,-0.553609311580658,False,False,False,clean
791,18,0.1707773,0.9757983,1,0.00859298,0.016978621,0.8018274903297424,0.77654874,0.48449254035949707,False,False,False,clean
792,17,0.11582279,0.6767701,0,0.0,0.10727447,-2.1251137256622314,-7.9526405,24.513870239257812,False,False,True,label_swap
793,18,0.15101422,0.96819794,1,0.00821329,0.016270936,-0.29654812812805176,0.55467993,0.3470205068588257,False,False,False,clean
794,18,0.14953373,0.6636006,7,0.2906635,0.014218926,-0.3788295090198517,-8.337082,-0.05159398540854454,False,True,False,misaligned
795,14,0.10607613,0.9462468,0,0.0,0.025044143,-1.1507333517074585,-0.086114615,2.0489566326141357,False,False,False,clean
796,17,0.16238703,0.9743196,1,0.013960215,0.010184765,0.7256960272789001,0.73338187,-0.1779395341873169,False,False,False,clean
797,13,0.15475261,0.59257585,7,0.3837004,0.013277233,-0.12590429186820984,-10.410427,-0.17910118401050568,False,True,False,misaligned
798,10,0.09415566,0.8763658,1,0.018033402,0.06333804,-4.504679203033447,-2.1260715,7.616764068603516,False,False,True,label_swap
799,10,0.09671875,0.8185511,1,0.00413423,0.08922595,-4.365746021270752,-3.813789,11.788853645324707,False,False,True,label_swap
800,16,0.09816454,0.79916084,0,0.0,0.017405987,-0.814202070236206,-4.3798275,1.0890284776687622,False,False,False,clean
801,10,0.5895833,0.8684473,1,0.014049213,0.014564872,22.350128173828125,-2.3572266,-0.24350883066654205,True,False,False,action_noise
802,19,0.10712612,0.607416,1,0.006127688,0.015037,0.15233291685581207,-9.977216,-0.161229208111763,False,False,False,clean
803,10,0.58646023,0.78284216,1,0.009552315,0.011552453,22.180843353271484,-4.8561997,-0.7289895415306091,True,False,False,action_noise
804,17,0.1549881,0.97033036,1,0.012403205,0.0122823715,0.2727099657058716,0.6169291,0.35552284121513367,False,False,False,clean
805,12,0.1475865,0.9784855,1,0.0085605765,0.05135125,0.7511740326881409,0.8549936,5.3743367195129395,False,False,True,label_swap
806,10,0.17890526,0.9533441,1,0.020275649,0.016919017,0.08919917047023773,0.12106888,0.13588465750217438,False,False,False,clean
807,20,0.6583619,0.91086656,1,0.0010439333,0.0074181557,41.65340042114258,-1.1189297,-0.5812153816223145,True,False,False,action_noise
808,21,0.09442327,0.9716295,1,0.008440802,0.016602159,-0.23114968836307526,0.6548535,1.239782691001892,False,False,False,clean
809,21,0.09504939,0.9524532,1,0.009512779,0.011674345,-0.17519161105155945,0.09506154,0.018050746992230415,False,False,False,clean
810,22,0.11444093,0.977541,1,0.008136236,0.010494769,0.0186628270894289,0.827422,0.05013033002614975,False,False,False,clean
811,23,0.10448865,0.97740895,1,0.008232555,0.011011958,-0.34494712948799133,0.82356626,0.6744905710220337,False,False,False,clean
812,26,0.1024797,0.9691438,1,0.005095132,0.029369831,-1.0516457557678223,0.58229154,3.376150369644165,False,False,True,label_swap
813,23,0.097658984,0.9764194,1,0.010210251,0.018553853,-0.7775015830993652,0.7946793,3.0982279777526855,False,False,True,label_swap
814,25,0.11137346,0.96923864,1,0.005176345,0.0072232485,0.21590003371238708,0.5850598,-0.49821287393569946,False,False,False,clean
815,21,0.100097515,0.97606957,1,0.0029492225,0.011051834,0.2759755551815033,0.7844674,-0.1362857222557068,False,False,False,clean
816,26,0.10968318,0.73294944,7,0.24473733,0.016338825,-0.33633458614349365,-6.312661,0.8929507732391357,False,True,False,misaligned
817,25,0.13209665,0.9690455,1,0.01682872,0.010411084,2.4411509037017822,0.5794223,0.29254934191703796,False,False,False,clean
818,24,0.13663001,0.95911866,0,0.0,0.00546211,1.9746912717819214,0.28963894,-1.0463804006576538,False,False,False,clean
819,27,0.13255402,0.9333934,1,0.013116852,0.006208837,1.5208462476730347,-0.46132877,-1.1363282203674316,False,False,False,clean
820,26,0.09822729,0.97462755,1,0.0026304072,0.050367594,-1.4739137887954712,0.7423723,7.377501964569092,False,False,True,label_swap
821,28,0.1203815,0.955519,2,0.016372493,0.0149284005,0.5804792642593384,0.18455866,1.1398917436599731,False,False,False,clean
822,26,0.12357299,0.9636208,1,0.00620014,0.009544134,1.0429354906082153,0.42106414,-0.4018514156341553,False,False,False,clean
823,29,0.09986111,0.9591389,1,0.009074808,0.008655071,-0.7130503058433533,0.29022878,-0.0900893583893776,False,False,False,clean
824,23,0.104211405,0.96771,1,0.0035486124,0.010152698,-0.362506240606308,0.5404365,0.39835017919540405,False,False,False,clean
825,24,0.11267508,0.95552814,2,0.013008286,0.007123828,0.22798456251621246,0.18482487,-0.5529050827026367,False,False,False,clean
826,29,0.112746224,0.9408111,1,0.013042695,0.010589719,0.5588448643684387,-0.24479295,0.5967269539833069,False,False,False,clean
827,27,0.106620885,0.9555003,1,0.009060609,0.0082476735,-0.21939854323863983,0.18401231,-0.5968934297561646,False,False,False,clean
828,27,0.10366232,0.89385545,2,0.015012584,0.011440039,-0.41793328523635864,-1.6155155,0.24774163961410522,False,False,False,clean
829,20,0.106587455,0.97249496,1,0.008389027,0.0072698593,-0.0020248955115675926,0.68011785,-0.6072847247123718,False,False,False,clean
830,28,0.61945575,0.90267146,1,0.001148241,0.015009403,43.423179626464844,-1.3581599,1.1611559391021729,True,False,False,action_noise
831,26,0.109557815,0.9763545,1,0.009986614,0.010871828,-0.3487832844257355,0.79278445,-0.14884500205516815,False,False,False,clean
832,20,0.11086529,0.9773116,1,0.0059249387,0.0051706433,0.3209240138530731,0.82072484,-0.9763098955154419,False,False,False,clean
833,21,0.10808916,0.94696975,1,0.013862165,0.011423171,0.9902141094207764,-0.06501051,-0.04422174394130707,False,False,False,clean
834,29,0.10154987,0.94110656,0,0.0,0.012847185,-0.5463517904281616,-0.23616792,1.398146629333496,False,False,False,clean
835,20,0.1017691,0.97143304,1,0.0052461796,0.022592545,-0.36577993631362915,0.64911854,2.0863192081451416,False,False,False,clean
836,21,0.10959296,0.95665115,1,0.0018356745,0.010741234,1.1246137619018555,0.21760765,-0.21329142153263092,False,False,False,clean
837,26,0.10821428,0.9820492,1,0.0035935484,0.06449878,-0.48219728469848633,0.95902467,10.070353507995605,False,False,True,label_swap
838,21,0.10016748,0.9654182,1,0.0028584108,0.011677921,0.28222885727882385,0.47353467,0.018937399610877037,False,False,False,clean
839,28,0.107004106,0.9838577,1,0.005707845,0.008016765,-0.5678940415382385,1.0118171,-0.6744906306266785,False,False,False,clean
840,29,0.115059525,0.96871567,1,0.0003754478,0.018144488,0.7871917486190796,0.5697933,3.2787342071533203,False,False,True,clean
841,29,0.108477354,0.7126974,6,0.2176798,0.009955227,0.13746294379234314,-6.9038563,0.3714770972728729,False,True,False,misaligned
842,25,0.102136485,0.9768996,1,0.012519478,0.016728818,-0.7759643793106079,0.8086982,1.859702467918396,False,False,False,clean
843,23,0.115853176,0.96220344,1,0.0077461833,0.00742203,0.37482136487960815,0.37968937,-0.479203999042511,False,False,False,clean
844,20,0.10001488,0.89946353,1,0.0071716434,0.027413964,-0.4982120394706726,-1.4518051,2.9338858127593994,False,False,False,label_swap
845,29,0.113456145,0.9328213,1,0.008445085,0.0071378946,0.6289214491844177,-0.47803074,-0.6286999583244324,False,False,False,clean
846,23,0.12420112,0.9648012,2,0.016063055,0.0064864755,0.9035355448722839,0.4555225,-0.7798629999160767,False,False,False,clean
847,29,0.09601446,0.9791643,1,0.006940395,0.005191624,-1.0927542448043823,0.8748084,-1.3196425437927246,False,False,False,clean
848,29,0.12080989,0.9693714,1,0.008063073,0.039203763,1.354812741279602,0.5889347,10.754955291748047,False,False,True,label_swap
849,23,0.096174106,0.9660527,1,0.009609471,0.00952518,-0.8715459108352661,0.49205667,0.19668492674827576,False,False,False,clean
850,24,0.68408793,0.83341527,1,0.014084816,0.0064748526,41.893333435058594,-3.3798769,-0.7456293106079102,True,False,False,action_noise
851,25,0.10374087,0.9789583,1,0.0071479063,0.006824255,-0.6036857962608337,0.86879504,-0.5971856713294983,False,False,False,clean
852,24,0.13159235,0.94847757,1,0.016140105,0.007869422,1.607362985610962,-0.020994483,-0.33148816227912903,False,False,False,clean
853,23,0.124547146,0.96857303,1,0.011868516,0.014550805,0.9254510998725891,0.56562954,1.8117692470550537,False,False,False,clean
854,20,0.094829544,0.97830695,1,0.0019733945,0.017012954,-0.8896716237068176,0.8497806,1.1054723262786865,False,False,False,clean
855,27,0.10056527,0.685464,7,0.2822666,0.005858481,-0.6257609724998474,-7.6988487,-1.2290253639221191,False,True,False,misaligned
856,22,0.120791316,0.96585315,1,0.0050319238,0.008063674,0.39799609780311584,0.48623124,-0.6814137697219849,False,False,False,clean
857,24,0.67499584,0.8724576,0,0.0,0.008664012,41.230369567871094,-2.2401578,-0.09552133828401566,True,False,False,action_noise
858,23,0.10955357,0.9697719,1,0.0058070193,0.005824566,-0.02416214533150196,0.6006273,-0.992580771446228,False,False,False,clean
859,26,0.122344226,0.97824466,1,0.0124624325,0.015718162,0.9209181070327759,0.8479624,0.7746766209602356,False,False,False,label_swap
860,24,0.097717084,0.96370065,1,0.0056849727,0.005851507,-0.862697958946228,0.4233957,-0.9307422637939453,False,False,False,clean
861,27,0.103734426,0.96269584,1,0.00019213084,0.010898352,-0.41309455037117004,0.39406326,0.10442224889993668,False,False,False,clean
862,22,0.1299444,0.9348626,1,0.004058072,0.010591745,0.944745659828186,-0.41844025,0.07931173592805862,False,False,False,clean
863,21,0.08838146,0.9509578,0,0.0,0.013649821,-0.7711255550384521,0.051407423,0.5078222751617432,False,False,False,clean
864,28,0.11183137,0.976105,1,0.0089549795,0.007537663,-0.1535010039806366,0.78550094,-0.8002603054046631,False,False,False,clean
865,26,0.6218506,0.9253439,1,0.004267368,0.013807535,50.5223274230957,-0.69631004,0.4105859398841858,True,False,False,action_noise
866,20,0.109694876,0.94784254,1,0.0017424242,0.015472889,0.23256543278694153,-0.039532125,0.8347414135932922,False,False,False,clean
867,23,0.10385741,0.97042227,1,0.0067142774,0.0077627897,-0.3849262297153473,0.61961216,-0.3696940839290619,False,False,False,clean
868,28,0.08025941,0.79264724,7,0.19688913,0.012199402,-2.8637747764587402,-4.569971,0.42349880933761597,False,True,False,misaligned
869,29,0.118725,0.95665103,1,0.0042630257,0.008419991,1.149012565612793,0.21760418,-0.1735450178384781,False,False,False,clean
870,20,0.09317857,0.757548,7,0.21169396,0.0055822134,-1.0143095254898071,-5.594584,-0.9039591550827026,False,True,False,misaligned
871,23,0.09825581,0.9836692,1,0.00930357,0.005562067,-0.7397016882896423,1.0063154,-1.0769399404525757,False,False,False,clean
872,27,0.1131386,0.5801304,8,0.38689965,0.009888649,0.21797312796115875,-10.773733,-0.1627245992422104,False,True,False,misaligned
873,27,0.09648621,0.9416131,1,0.0036900104,0.008630097,-0.8994864821434021,-0.22138165,-0.49571195244789124,False,False,False,clean
874,28,0.11828637,0.96282923,1,0.00047153505,0.0108914375,0.4006246030330658,0.39795732,0.08014338463544846,False,False,False,clean
875,29,0.1035119,0.93964994,0,0.0,0.0053376555,-0.35267913341522217,-0.27868932,-1.2678000926971436,False,False,False,clean
876,24,0.10306139,0.9403254,0,0.0,0.014226317,-0.473010390996933,-0.25897196,1.5562995672225952,False,False,False,clean
877,24,0.09051121,0.9686308,1,0.008428738,0.013254523,-1.3881239891052246,0.5673156,1.2677087783813477,False,False,False,clean
878,29,0.091120735,0.9151844,1,0.0008821475,0.006017804,-1.5758161544799805,-0.9928845,-1.0263415575027466,False,False,False,clean
879,25,0.10846978,0.9779958,1,0.012161362,0.0063500404,-0.09589698910713196,0.840698,-0.7148175239562988,False,False,False,clean
880,20,0.10259347,0.97550446,1,0.0061028446,0.007942677,-0.3035453259944916,0.76797074,-0.48900890350341797,False,False,False,clean
881,27,0.11715687,0.9216879,1,0.012618713,0.008349776,0.4876193404197693,-0.8030346,-0.5698791146278381,False,False,False,clean
882,26,0.11380161,0.97436225,1,0.0067072283,0.021097958,0.07262948900461197,0.73462766,1.7998552322387695,False,False,False,clean
883,28,0.6435771,0.90132946,0,0.0,0.008806229,45.49386215209961,-1.3973354,-0.46724751591682434,True,False,False,action_noise
884,27,0.117342606,0.71885824,7,0.24255557,0.0074015856,0.5000831484794617,-6.724009,-0.8207511305809021,False,True,False,misaligned
885,28,0.102192864,0.9796926,1,0.003244556,0.007781863,-0.9809119701385498,0.8902297,-0.7361550331115723,False,False,False,clean
886,22,0.10069487,0.96608365,1,0.0034131187,0.013677537,-0.802443265914917,0.4929597,1.0078617334365845,False,False,False,clean
887,24,0.11241008,0.9475861,1,0.0048648263,0.007174313,0.20866210758686066,-0.047017477,-0.5379126667976379,False,False,False,clean
888,26,0.6489268,0.87257683,1,0.0064848745,0.01818049,53.21101379394531,-2.236678,1.2438998222351074,True,False,False,action_noise
889,23,0.1129127,0.9759342,1,0.011284601,0.006853819,0.18858732283115387,0.7805159,-0.6618099212646484,False,False,False,clean
890,21,0.08662736,0.7058258,7,0.28283477,0.013155758,-0.9278955459594727,-7.10445,0.3853313624858856,False,True,False,misaligned
891,26,0.114581384,0.9783826,1,0.006885666,0.006992817,0.15006133913993835,0.8519887,-0.8880326151847839,False,False,False,clean
892,21,0.11204261,0.9354067,0,0.0,0.03628224,1.3435472249984741,-0.4025578,6.118981838226318,False,False,True,label_swap
893,23,0.12448554,0.97197163,1,0.008222112,0.013141513,0.9215491414070129,0.66484094,1.3588652610778809,False,False,False,clean
894,22,0.10100357,0.96700794,1,0.002520827,0.0068281293,-0.7840033769607544,0.51994145,-1.0532032251358032,False,False,False,clean
895,25,0.100043684,0.693368,7,0.2968279,0.007956386,-1.0006887912750244,-7.4681163,-0.3163536787033081,False,True,False,misaligned
896,23,0.13696858,0.9579791,1,0.01571267,0.008687675,1.7121585607528687,0.25637245,-0.07246387004852295,False,False,False,clean
897,26,0.113214284,0.97275877,1,0.0070048133,0.005030811,0.01430719904601574,0.687819,-1.2619141340255737,False,False,False,clean
898,20,0.61859965,0.90495616,1,0.003833691,0.007824421,38.651607513427734,-1.2914652,-0.5097972750663757,True,False,False,action_noise
899,28,0.10712675,0.73651373,7,0.25433078,0.013286352,-0.5573657751083374,-6.2086124,0.7088355422019958,False,True,False,misaligned
900,22,0.113070145,0.9508116,1,0.0029990403,0.006415248,-0.06321968883275986,0.047141016,-1.1774439811706543,False,False,False,clean
901,25,0.110680886,0.967672,1,0.010146365,0.0061177015,0.14153136312961578,0.5393264,-0.7724506258964539,False,False,False,clean
902,26,0.10580357,0.97947305,1,0.0079498375,0.005597949,-0.72158282995224,0.8838214,-1.1538398265838623,False,False,False,clean
903,22,0.10635741,0.9821721,1,0.005453081,0.0085788965,-0.46419763565063477,0.9626108,-0.5263774394989014,False,False,False,clean
904,28,0.115213014,0.98072714,1,0.0085490635,0.011021018,0.13679426908493042,0.9204304,0.1141597256064415,False,False,False,clean
905,24,0.09817138,0.97731805,1,0.009194481,0.01069504,-0.8295720815658569,0.8209128,0.5076269507408142,False,False,False,clean
906,26,0.12089016,0.9787869,1,0.007959791,0.008191049,0.7765284180641174,0.86379087,-0.6596964597702026,False,False,False,clean
907,27,0.097726114,0.93353075,0,0.0,0.006316066,-0.8162826895713806,-0.4573199,-1.1079577207565308,False,False,False,clean
908,24,0.13268955,0.96405834,1,0.014107072,0.008039236,1.6873670816421509,0.43383723,-0.2810591161251068,False,False,False,clean
909,28,0.09787057,0.98219997,1,0.0073512965,0.008115649,-1.3519561290740967,0.96342504,-0.6485323905944824,False,False,False,clean
910,29,0.102055274,0.96182716,1,0.0033132124,0.008439064,-0.49646326899528503,0.36870494,-0.16677376627922058,False,False,False,clean
911,25,0.11998827,0.9621569,1,0.007096377,0.0084017515,1.140956163406372,0.37833044,-0.20587791502475739,False,False,False,clean
912,25,0.10921584,0.9629044,1,0.012226847,0.007291794,-0.015784820541739464,0.40015143,-0.48120978474617004,False,False,False,clean
913,22,0.1097666,0.76329356,7,0.19609073,0.009786665,-0.260553240776062,-5.42686,-0.16294598579406738,False,True,False,misaligned
914,27,0.5951296,0.9045624,1,0.0007683539,0.01528275,32.562007904052734,-1.3029594,1.264445185661316,True,False,False,action_noise
915,21,0.09113504,0.97932845,1,3.749802e-05,0.008921862,-0.5250294804573059,0.8796002,-0.6643605828285217,False,False,False,clean
916,26,0.11247971,0.9802195,1,0.009225271,0.012272358,-0.058636728674173355,0.90561104,0.1180412620306015,False,False,False,clean
917,27,0.11622143,0.9694308,1,0.01109027,0.008974493,0.4248463809490204,0.59066945,-0.4045918583869934,False,False,False,clean
918,26,0.098171294,0.9780005,0,0.0,0.048414946,-1.479474425315857,0.84083545,7.005403518676758,False,False,True,label_swap
919,22,0.5772234,0.85548675,1,0.009729708,0.014221907,27.6624755859375,-2.7355692,1.1716686487197876,True,False,False,action_noise
920,29,0.112122886,0.9379122,1,0.0022739966,0.006438017,0.4973149299621582,-0.3294164,-0.877162516117096,False,False,False,clean
921,27,0.09668625,0.93629056,1,0.004486776,0.0064350963,-0.886062741279602,-0.37675577,-1.0764646530151367,False,False,False,clean
922,24,0.10491694,0.97873414,1,0.0083675,0.023877382,-0.33771082758903503,0.862251,4.422346591949463,False,False,True,label_swap
923,20,0.13065109,0.96049523,1,0.0040527876,0.0065957904,1.8146247863769531,0.32982355,-0.7257805466651917,False,False,False,clean
924,21,0.08304919,0.7374126,7,0.241274,0.009323299,-1.2476874589920044,-6.182374,-0.56483393907547,False,True,False,misaligned
925,22,0.10036966,0.9612867,1,0.004886574,0.01657325,-0.8218693137168884,0.35292864,1.8792147636413574,False,False,False,clean
926,20,0.112225495,0.7275982,7,0.25098023,0.009465516,0.42361095547676086,-6.468874,-0.22130613029003143,False,True,False,misaligned
927,27,0.121347815,0.9547661,1,0.008610993,0.016454935,0.7688528895378113,0.16257934,1.574581503868103,False,False,False,clean
928,25,0.10572569,0.98053944,1,0.00804085,0.007328391,-0.39055630564689636,0.9149512,-0.472131609916687,False,False,False,clean
929,29,0.09317359,0.67793435,8,0.2657861,0.0064946413,-1.3731776475906372,-7.918654,-0.8570603132247925,False,True,False,misaligned
930,25,0.09884099,0.97514266,1,0.012318823,0.042666852,-1.1298339366912842,0.7574091,8.293791770935059,False,False,True,label_swap
931,22,0.113816075,0.9728168,1,0.0017099407,0.0046539307,-0.018662381917238235,0.6895137,-1.7074443101882935,False,False,False,clean
932,23,0.10286557,0.9614584,1,0.0018771795,0.012098014,-0.44774430990219116,0.35793975,1.023516297340393,False,False,False,clean
933,26,0.10517977,0.971278,1,0.006078391,0.008676231,-0.7835266590118408,0.6445929,-0.5672397613525391,False,False,False,clean
934,24,0.1000279,0.92537165,1,0.01513546,0.008515716,-0.6942018866539001,-0.6954992,-0.13956046104431152,False,False,False,clean
935,22,0.10384317,0.7936694,7,0.17231753,0.010262251,-0.6143832206726074,-4.5401325,-0.019836902618408203,False,True,False,misaligned
936,22,0.10306805,0.93512565,1,0.0013795402,0.011910558,-0.660683810710907,-0.41076177,0.47615739703178406,False,False,False,clean
937,25,0.08466072,0.7929869,7,0.18773624,0.0131364465,-2.65250825881958,-4.5600553,0.9685924649238586,False,True,False,misaligned
938,27,0.10988463,0.92967653,1,0.007771138,0.0137883425,-0.0003849781642202288,-0.5698316,0.8690552115440369,False,False,False,clean
939,27,0.11060042,0.93614256,0,0.0,0.00980258,0.047648295760154724,-0.38107613,-0.1854967474937439,False,False,False,clean
940,21,0.09134118,0.9614036,1,0.0034935072,0.010225892,-0.506605863571167,0.3563407,-0.3410578966140747,False,False,False,clean
941,25,0.11397959,0.9352844,1,0.0036640945,0.016301036,0.49574577808380127,-0.40612823,1.7535884380340576,False,False,False,clean
942,21,0.09244849,0.7569858,7,0.20378973,0.030659199,-0.4076424241065979,-5.6109953,4.724884510040283,False,True,True,misaligned
943,23,0.10679526,0.9795048,1,0.006945632,0.012489855,-0.19885873794555664,0.8847488,1.149442195892334,False,False,False,clean
944,28,0.09959415,0.9672174,1,0.011966903,0.033219337,-1.2039965391159058,0.5260557,5.941469192504883,False,False,True,label_swap
945,27,0.107407235,0.9637775,1,0.009253555,0.03532648,-0.16663053631782532,0.4256385,6.567609786987305,False,False,True,label_swap
946,25,0.111367345,0.9758298,1,0.004594521,0.0074355006,0.21524319052696228,0.7774675,-0.4455624222755432,False,False,False,clean
947,25,0.55753213,0.89755243,2,0.019548915,0.017971456,48.12431335449219,-1.5075939,2.1679465770721436,True,False,False,action_noise
948,29,0.090864606,0.65956426,9,0.25521368,0.008130252,-1.6010987758636475,-8.454911,-0.2764045298099518,False,True,False,misaligned
949,29,0.6252331,0.8787969,2,0.015986312,0.009122491,51.14664077758789,-2.0551033,0.07584857940673828,True,False,False,action_noise
950,23,0.6504016,0.85639197,1,0.008810511,0.014853716,34.23026657104492,-2.7091444,1.9091156721115112,True,False,False,action_noise
951,23,0.12752196,0.9596156,1,0.010100336,0.006369412,1.113860011100769,0.30414507,-0.81748366355896,False,False,False,clean
952,26,0.107825466,0.754545,7,0.21153277,0.0098285675,-0.5208070278167725,-5.682247,-0.34764954447746277,False,True,False,misaligned
953,26,0.10297832,0.9554882,0,0.0,0.042761087,-1.002132773399353,0.18365909,5.927999496459961,False,False,True,label_swap
954,23,0.11228012,0.97661656,1,0.010402794,0.0057718754,0.14852328598499298,0.80043507,-1.0095138549804688,False,False,False,clean
955,21,0.11589527,0.96060747,1,0.005337421,0.015299261,1.6878715753555298,0.33309993,0.9167607426643372,False,False,False,clean
956,26,0.12594858,0.9740812,1,0.010464182,0.016640246,1.2788333892822266,0.7264237,0.9503897428512573,False,False,False,clean
957,25,0.0956,0.96395,1,0.00015511444,0.008844614,-1.4778504371643066,0.430674,-0.09602313488721848,False,False,False,clean
958,27,0.10885417,0.90119785,0,0.0,0.010719359,-0.0695340558886528,-1.4011773,0.057064395397901535,False,False,False,clean
959,22,0.11986146,0.97221243,1,0.008329325,0.0055608153,0.3424522280693054,0.6718704,-1.4345524311065674,False,False,False,clean
960,27,0.66678464,0.8517296,0,0.0,0.014811099,37.37042236328125,-2.8452482,1.1396557092666626,True,False,False,action_noise
961,27,0.106107384,0.76368195,7,0.20923394,0.010804892,-0.2538571059703827,-5.415522,0.07969460636377335,False,True,False,misaligned
962,28,0.10828076,0.9664038,1,0.003698489,0.012221038,-0.45830029249191284,0.5023051,0.4291786253452301,False,False,False,clean
963,21,0.58461946,0.83841753,0,0.0,0.00920248,43.57925033569336,-3.2338514,-0.5947880148887634,True,False,False,action_noise
964,22,0.14024383,0.94718933,1,0.0067055123,0.011737585,1.5599709749221802,-0.058600463,0.42410796880722046,False,False,False,clean
965,28,0.09644841,0.97783333,1,0.0054519996,0.0072978735,-1.4740411043167114,0.83595484,-0.8632077574729919,False,False,False,clean
966,29,0.112042345,0.55843294,8,0.40680397,0.008828044,0.48936471343040466,-11.407122,-0.028682589530944824,False,True,False,misaligned
967,28,0.098017246,0.9715735,1,0.00692731,0.012720346,-1.3393652439117432,0.6532179,0.5602526664733887,False,False,False,clean
968,23,0.092030734,0.7502195,7,0.2340864,0.011361957,-1.133965015411377,-5.808515,0.7869695425033569,False,True,False,misaligned
969,26,0.09646455,0.9766215,1,0.007590549,0.014205933,-1.6489553451538086,0.8005795,0.4865049123764038,False,False,False,clean
970,27,0.10830623,0.9779046,1,0.007000958,0.044163823,-0.10630346834659576,0.8380358,8.905791282653809,False,False,True,label_swap
971,21,0.1116827,0.94996953,1,0.0037803838,0.017755508,1.311380386352539,0.022558715,1.5257277488708496,False,False,False,clean
972,29,0.093428575,0.9651775,2,0.01491665,0.008073688,-1.348008394241333,0.46650693,-0.2964855134487152,False,False,False,clean
973,23,0.11709302,0.9766723,1,0.011730793,0.0068470836,0.45334646105766296,0.802062,-0.663974404335022,False,False,False,clean
974,25,0.10176079,0.78427655,6,0.18277214,0.011597514,-0.816306471824646,-4.8143272,0.5868507623672485,False,True,False,misaligned
975,29,0.11119338,0.93724597,1,0.0031499937,0.017298043,0.4055631160736084,-0.3488658,2.978238821029663,False,False,False,clean
976,26,0.13521491,0.96269184,1,0.0048588514,0.01349771,2.1989879608154297,0.39394668,0.35154545307159424,False,False,False,clean
977,26,0.10622211,0.90957516,1,0.0044404753,0.048386097,-0.6800218224525452,-1.1566279,6.999906063079834,False,False,True,label_swap
978,24,0.09943946,0.71459633,7,0.25898397,0.014620185,-0.7371087670326233,-6.8484225,1.6732650995254517,False,True,False,misaligned
979,22,0.10913571,0.98250663,1,0.005645174,0.08118796,-0.29823896288871765,0.9723772,21.32251739501953,False,False,True,label_swap
980,23,0.10175731,0.73021305,7,0.25513786,0.007430494,-0.5179355144500732,-6.3925414,-0.4764839708805084,False,True,False,misaligned
981,21,0.08642857,0.96059793,1,0.009081461,0.010225475,-0.9456619024276733,0.33282152,-0.3411613404750824,False,False,False,clean
982,22,0.09424999,0.9556643,1,0.0042595486,0.006153643,-1.1874210834503174,0.18879896,-1.2561638355255127,False,False,False,clean
983,24,0.102527745,0.94151455,1,0.0028809079,0.00855279,-0.5119220614433289,-0.22425781,-0.1285506784915924,False,False,False,clean
984,24,0.104957715,0.94898486,1,0.0077323387,0.0076920986,-0.33473750948905945,-0.0061855945,-0.3841474652290344,False,False,False,clean
985,24,0.11813794,0.958525,1,0.009571296,0.009307325,0.6263166069984436,0.27230883,0.09552133828401566,False,False,False,clean
986,26,0.1251816,0.96386635,1,0.008970388,0.01506418,1.202671766281128,0.4282328,0.6500532627105713,False,False,False,clean
987,26,0.10633351,0.9588647,1,0.01230172,0.008733511,-0.6689595580101013,0.28222492,-0.5563244223594666,False,False,False,clean
988,29,0.10319285,0.97108537,1,0.01191296,0.026009083,-0.38417255878448486,0.6389693,6.070732116699219,False,False,True,label_swap
989,25,0.088949166,0.97681504,1,0.009360925,0.011063814,-2.1920156478881836,0.8062292,0.4544631838798523,False,False,False,clean
990,29,0.11023214,0.96466297,1,0.010581112,0.011640966,0.3106783330440521,0.4514875,0.9699286222457886,False,False,False,clean
991,25,0.12160311,0.96190965,1,0.0058178836,0.007922113,1.3143571615219116,0.37111306,-0.324855238199234,False,False,False,clean
992,21,0.0906753,0.9530549,0,0.0,0.00901711,-0.5661177039146423,0.11262654,-0.6407461166381836,False,False,False,clean
993,25,0.092378415,0.98432034,1,0.007739257,0.011933029,-1.8237836360931396,1.0253228,0.6700772047042847,False,False,False,clean
994,27,0.090467036,0.9610949,1,0.0038332832,0.013477206,-1.3034034967422485,0.3473294,0.7867348790168762,False,False,False,clean
995,21,0.08258872,0.9777952,1,0.005716448,0.00577718,-1.2888416051864624,0.83484125,-1.4440081119537354,False,False,False,clean
996,29,0.097385205,0.946176,1,0.0041511427,0.06694543,-0.9574477076530457,-0.0881817,20.603485107421875,False,False,True,label_swap
997,22,0.10338983,0.95942277,1,0.0015640717,0.010343432,-0.6414629220962524,0.29851627,0.004591543693095446,False,False,False,clean
998,29,0.08876582,0.71391994,7,0.26356998,0.006324053,-1.8082705736160278,-6.8681674,-0.9176207184791565,False,True,False,misaligned
999,27,0.1098961,0.83947563,0,0.0,0.008761346,0.0003849781642202288,-3.2029636,-0.46098601818084717,False,False,False,clean
1000,28,0.11635545,0.9718356,1,0.0057658353,0.012290955,0.23486582934856415,0.6608703,0.44753241539001465,False,False,False,clean
1001,28,0.10797222,0.9792372,1,0.008350583,0.010406733,-0.4847869873046875,0.8769364,-0.04709714651107788,False,False,False,clean
1002,24,0.13182932,0.50965977,7,0.4507937,0.0055804253,1.624642252922058,-12.830901,-1.0112446546554565,False,True,False,misaligned
1003,25,0.58192533,0.82992846,2,0.029417539,0.014070272,50.743648529052734,-3.4816632,1.2002336978912354,True,False,False,action_noise
1004,21,0.09925427,0.97119784,0,0.0,0.00846529,0.20061232149600983,0.6422526,-0.7775564193725586,False,False,False,clean
1005,23,0.1273578,0.9746234,1,0.01262059,0.009994388,1.1034626960754395,0.74225044,0.3474741280078888,False,False,False,clean
1006,29,0.10471618,0.9524154,1,0.0014026233,0.009647608,-0.23380394279956818,0.0939584,0.2622695565223694,False,False,False,clean
1007,26,0.11256428,0.9731462,1,0.0053635277,0.01004225,-0.050238702446222305,0.6991288,-0.30692997574806213,False,False,False,clean
1008,23,0.09315688,0.9800359,1,0.008090975,0.0061095953,-1.0626407861709595,0.900252,-0.9009808897972107,False,False,False,clean
1009,27,0.10733804,0.9579019,1,0.0073853247,0.03475797,-0.17127378284931183,0.2541192,6.41719388961792,False,False,True,label_swap
1010,21,0.10217634,0.9753577,1,0.012772606,0.01152873,0.46176666021347046,0.7636869,-0.018050746992230415,False,False,False,clean
1011,22,0.11973214,0.9250526,1,0.001589121,0.034225702,0.3347274661064148,-0.70481324,7.191038608551025,False,False,True,label_swap
1012,27,0.10299459,0.96289665,0,0.0,0.0086814165,-0.4627412259578705,0.39992523,-0.4821338355541229,False,False,False,clean
1013,20,0.09114211,0.9720167,1,0.005833396,0.012911558,-1.1680492162704468,0.66615635,0.38448023796081543,False,False,False,clean
1014,20,0.1022267,0.94559646,2,0.0153485155,0.04262185,-0.3312340974807739,-0.10509943,5.607308864593506,False,False,True,label_swap
1015,22,0.09909104,0.9799261,1,0.0020591896,0.008043289,-0.8982465863227844,0.8970469,-0.6875477433204651,False,False,False,clean
1016,22,0.649219,0.8506942,1,0.004496687,0.0060060024,31.963050842285156,-2.8754733,-1.3005905151367188,True,False,False,action_noise
1017,26,0.11337166,0.9766953,2,0.0129409935,0.0110526085,0.02993502840399742,0.8027336,-0.11439523845911026,False,False,False,clean
1018,21,0.10643057,0.65558964,7,0.29378015,0.015599608,0.8419807553291321,-8.570937,0.9912247061729431,False,True,False,misaligned
1019,26,0.1059949,0.9688232,1,0.0049117883,0.0065281987,-0.7025834918022156,0.57293224,-0.9765706658363342,False,False,False,clean
1020,26,0.11385093,0.9527893,1,0.013590854,0.026250958,0.07752655446529388,0.10487323,2.78181529045105,False,False,False,label_swap
1021,22,0.5767885,0.8165914,1,0.010118264,0.00393641,27.636493682861328,-3.8709972,-1.9233545064926147,True,False,False,action_noise
1022,23,0.1205847,0.9659994,1,0.013160215,0.007545233,0.6744906902313232,0.49050114,-0.4396103322505951,False,False,False,clean
1023,25,0.12202053,0.9682444,1,0.013641096,0.015227437,1.3591794967651367,0.55603534,1.4872756004333496,False,False,False,clean
1024,24,0.12050574,0.9645471,2,0.016706944,0.004943013,0.7989681363105774,0.448105,-1.2005349397659302,False,False,False,clean
1025,23,0.09304171,0.9867445,1,0.006928168,0.009473026,-1.0699350833892822,1.0960891,0.17992417514324188,False,False,False,clean
1026,27,0.08999632,0.9502128,1,0.0059132893,0.009053469,-1.3349907398223877,0.029659534,-0.38369637727737427,False,False,False,clean
1027,21,0.095309444,0.94908726,0,0.0,0.008137941,-0.1519496589899063,-0.0031963256,-0.8587146401405334,False,False,False,clean
1028,26,0.5892189,0.9300058,1,0.012064734,0.007607937,47.2819709777832,-0.56022,-0.770814836025238,True,False,False,action_noise
1029,21,0.5566603,0.85360634,0,0.0,0.016031444,41.08045196533203,-2.7904618,1.09828782081604,True,False,False,action_noise
1030,29,0.10103704,0.76054007,7,0.19202973,0.008270264,-0.5969735383987427,-5.5072393,-0.2266993224620819,False,True,False,misaligned
1031,29,0.105073206,0.8997486,1,0.00037660325,0.012006104,-0.1985619217157364,-1.4434829,1.0995557308197021,False,False,False,clean
1032,21,0.09612488,0.9572583,1,0.0038068364,0.014419019,-0.0790715143084526,0.23533098,0.6985262632369995,False,False,False,clean
1033,25,0.1186933,0.9727499,1,0.012647924,0.01756388,1.001902461051941,0.6875597,2.0668444633483887,False,False,False,clean
1034,23,0.10993507,0.9790354,1,0.010482857,0.010885179,0.0,0.8710448,0.6337476372718811,False,False,False,clean
1035,24,0.10056855,0.9662385,1,0.010364364,0.012077212,-0.6547795534133911,0.49748015,0.9180863499641418,False,False,False,clean
1036,22,0.12678902,0.9475956,1,0.0044522784,0.0125466585,0.7562623620033264,-0.046740822,0.6675673723220825,False,False,False,clean
1037,28,0.6831373,0.845645,1,0.004508392,0.0106709,48.8898811340332,-3.022868,0.02224988117814064,True,False,False,action_noise
1038,21,0.09823809,0.9502147,1,0.011114206,0.009290338,0.10979265719652176,0.029715214,-0.5730059146881104,False,False,False,clean
1039,25,0.11346505,0.98247695,1,0.002544507,0.011203527,0.4404941201210022,0.9715107,0.48911991715431213,False,False,False,clean
1040,26,0.11400175,0.9724277,1,0.0070203748,0.016542077,0.09250331670045853,0.6781552,0.9316825866699219,False,False,False,clean
1041,20,0.11806421,0.98139393,1,0.008494513,0.010193706,0.8643963932991028,0.93989545,-0.09329622983932495,False,False,False,clean
1042,21,0.09789434,0.9770946,1,0.006487139,0.013228416,0.07907085120677948,0.81438965,0.40334516763687134,False,False,False,clean
1043,20,0.085284896,0.7480896,7,0.24018662,0.010266542,-1.6102312803268433,-5.8706913,-0.08049210160970688,False,True,False,misaligned
1044,28,0.10822948,0.97169983,1,0.0072072446,0.042981744,-0.46270257234573364,0.65690666,8.50421142578125,False,False,True,label_swap
1045,20,0.10664109,0.97686607,1,0.010249476,0.01977241,0.002024332992732525,0.8077186,1.5905624628067017,False,False,False,clean
1046,20,0.11580783,0.9715429,1,0.010527278,0.006063342,0.6940543055534363,0.65232533,-0.8193806409835815,False,False,False,clean
1047,21,0.1076334,0.9702928,1,0.0062447423,0.050522387,0.9494814276695251,0.6158329,9.649479866027832,False,False,True,label_swap
1048,29,0.10987468,0.9126002,2,0.015041956,0.01158309,0.27539363503456116,-1.0683209,0.9493821263313293,False,False,False,clean
1049,27,0.12848215,0.9775685,1,0.008042691,0.03410703,1.2476027011871338,0.8282241,6.244967460632324,False,False,True,label_swap
1050,29,0.099433795,0.98201084,1,0.00553346,0.036277354,-0.7552306056022644,0.95790416,9.716055870056152,False,False,True,label_swap
1051,26,0.62225926,0.8962698,1,0.008122925,0.010024667,50.562904357910156,-1.5450362,-0.3102806806564331,True,False,False,action_noise
1052,27,0.13462098,0.9697342,1,0.009970793,0.006373167,1.659549355506897,0.5995259,-1.092849850654602,False,False,False,clean
1053,25,0.116169855,0.96291584,1,0.010233621,0.009618819,0.7309356331825256,0.4004855,0.09602313488721848,False,False,False,clean
1054,26,0.112024784,0.97827464,1,0.00868813,0.0109449625,-0.10381116718053818,0.84883755,-0.13490834832191467,False,False,False,clean
1055,22,0.096490525,0.79850954,7,0.1582359,0.018236995,-1.053585410118103,-4.39884,2.379854440689087,False,True,False,misaligned
1056,26,0.13230501,0.9792605,1,0.009698286,0.007687986,1.9100325107574463,0.8776167,-0.755560576915741,False,False,False,clean
1057,22,0.12275396,0.96090674,1,0.006125691,0.013593078,0.5152326822280884,0.3418363,0.9824467897415161,False,False,False,clean
1058,22,0.10341186,0.9766835,1,0.0048963,0.011884868,-0.6401469111442566,0.8023891,0.4684271216392517,False,False,False,clean
1059,27,0.63100517,0.8569594,1,0.0042708786,0.008572936,34.96944046020508,-2.6925797,-0.510835587978363,True,False,False,action_noise
1060,28,0.13547046,0.96551275,1,0.007687157,0.009182215,1.875781774520874,0.47629425,-0.36854690313339233,False,False,False,clean
1061,22,0.099797025,0.97395855,1,0.0043222066,0.009967029,-0.8560751676559448,0.7228428,-0.10867250710725784,False,False,False,clean
1062,25,0.10360714,0.9646615,1,0.004271668,0.0054187775,-0.6180457472801208,0.451444,-0.945823073387146,False,False,False,clean
1063,27,0.119124025,0.9467936,0,0.0,0.011090398,0.6196253299713135,-0.070152126,0.15523377060890198,False,False,False,clean
1064,29,0.105525486,0.94492275,0,0.0,0.0072754025,-0.15391716361045837,-0.12476631,-0.5798834562301636,False,False,False,clean
1065,28,0.103544176,0.9702316,1,0.0040693656,0.011072397,-0.8649095296859741,0.614046,0.12764735519886017,False,False,False,clean
1066,21,0.08432927,0.98126894,1,0.0034842428,0.014839947,-1.1332828998565674,0.93624675,0.802885115146637,False,False,False,clean
1067,23,0.12904432,0.96578264,1,0.0032484129,0.007540107,1.2102783918380737,0.48417285,-0.44125768542289734,False,False,False,clean
1068,29,0.09983418,0.9376322,1,0.0010335207,0.009043455,-0.7157082557678223,-0.33759078,0.04779021069407463,False,False,False,clean
1069,22,0.15025684,0.9371759,1,0.011074446,0.0051290393,2.1580874919891357,-0.35091025,-1.5644787549972534,False,False,False,clean
1070,28,0.15062432,0.9539793,1,0.008651308,0.015207052,3.176654577255249,0.13961174,1.2130409479141235,True,False,False,clean
1071,26,0.15023562,0.9199591,1,0.010331527,0.008423924,3.6905574798583984,-0.8535007,-0.615319550037384,True,False,False,clean
1072,22,0.11519871,0.94451267,1,0.009743157,0.0073682666,0.06392776966094971,-0.13673732,-0.8906697630882263,False,False,False,clean
1073,22,0.10505597,0.9704579,1,0.0034743682,0.076515794,-0.5419376492500305,0.6206526,19.916608810424805,False,False,True,label_swap
1074,24,0.103763185,0.93804055,1,0.008639696,0.017350495,-0.4218382239341736,-0.32567024,2.484076976776123,False,False,False,clean
1075,26,0.10592411,0.98326623,1,0.0069794194,0.020385444,-0.709613561630249,0.9945514,1.664077877998352,False,False,False,label_swap
1076,24,0.086822875,0.9580858,0,0.0,0.033229887,-1.6570640802383423,0.259487,7.199731826782227,False,False,True,label_swap
1077,25,0.09356745,0.9861163,1,0.005805907,0.035137594,-1.6961050033569336,1.0777498,6.426113128662109,False,False,True,label_swap
1078,25,0.63634396,0.88087606,1,0.002445141,0.006740093,56.58710861206055,-1.994408,-0.6180625557899475,True,False,False,action_noise
1079,22,0.6738571,0.89567816,1,0.010991024,0.010312915,33.434783935546875,-1.5623072,-0.004591543693095446,True,False,False,action_noise
1080,25,0.10683567,0.9595375,0,0.0,0.008246481,-0.2713669240474701,0.30186573,-0.24439363181591034,False,False,False,clean
1081,29,0.111766234,0.9595355,2,0.013343074,0.006754458,0.46210965514183044,0.30180657,-0.7648231983184814,False,False,False,clean
1082,21,0.090589285,0.9814424,1,0.008424556,0.0077644587,-0.5738053321838379,0.94131005,-0.9513105750083923,False,False,False,clean
1083,25,0.107755676,0.9645195,0,0.0,0.0088272095,-0.17257697880268097,0.4472994,-0.10034044086933136,False,False,False,clean
1084,20,0.0946118,0.9815272,1,0.006862001,0.009824216,-0.9061098098754883,0.943786,-0.15824943780899048,False,False,False,clean
1085,25,0.120200366,0.96275294,0,0.0,0.016951263,1.1637308597564697,0.39573017,1.9148812294006348,False,False,False,clean
1086,29,0.106961966,0.7817798,6,0.19281228,0.012395084,-0.012121685780584812,-4.8872113,1.2376469373703003,False,True,False,misaligned
1087,28,0.12222991,0.96370065,1,0.004854671,0.0070033073,0.7391552329063416,0.4233957,-0.9405347108840942,False,False,False,clean
1088,27,0.10929271,0.94186187,1,0.0008271823,0.013966858,-0.04010572284460068,-0.21411902,0.9162868857383728,False,False,False,clean
1089,23,0.11031382,0.97509056,1,0.0030997933,0.0068713427,0.023988021537661552,0.75588834,-0.6561782956123352,False,False,False,clean
1090,21,0.090750985,0.93861574,0,0.0,0.011197865,-0.5593537092208862,-0.30887952,-0.10008078813552856,False,False,False,clean
1091,27,0.09609863,0.9608745,0,0.0,0.009901762,-0.9254949688911438,0.340895,-0.15925516188144684,False,False,False,clean
1092,22,0.6016252,0.8915584,1,0.0030645956,0.008478284,29.120088577270508,-1.6825705,-0.5566529035568237,True,False,False,action_noise
1093,20,0.10187836,0.9797551,1,0.0064003286,0.016011894,-0.3575313091278076,0.892055,0.9294940829277039,False,False,False,clean
1094,29,0.11467543,0.980632,1,0.0063766856,0.043856144,0.7492778301239014,0.9176534,12.406590461730957,False,False,True,label_swap
1095,21,0.6085754,0.7925347,1,0.0020962346,0.0070006847,45.720272064208984,-4.5732565,-1.140669822692871,True,False,False,action_noise
1096,29,0.100642376,0.95283824,0,0.0,0.007871151,-0.6359310746192932,0.10630175,-0.36838772892951965,False,False,False,clean
1097,21,0.10637657,0.96801436,1,0.0076814047,0.007926822,0.8371551036834717,0.5493208,-0.911056637763977,False,False,False,clean
1098,25,0.10912375,0.97811383,1,0.011581571,0.013753653,-0.025673335418105125,0.84414315,1.1216942071914673,False,False,False,label_swap
1099,25,0.11440113,0.9740319,1,0.008975759,0.007679343,0.5410105586051941,0.72498477,-0.38507577776908875,False,False,False,clean
1100,20,0.12447127,0.963493,1,0.0075204205,0.057429492,1.348088264465332,0.41733363,8.210371971130371,False,False,True,label_swap
1101,26,0.62061274,0.8987438,1,0.0060972245,0.012915015,50.3994026184082,-1.4728153,0.24050657451152802,True,False,False,action_noise
1102,24,0.13071428,0.9426892,1,0.008850763,0.0084885955,1.5433377027511597,-0.18996823,-0.1476142257452011,False,False,False,clean
1103,22,0.61209035,0.8938328,1,0.004512347,0.008699715,29.74521255493164,-1.6161767,-0.4900217056274414,True,False,False,action_noise
1104,29,0.08764668,0.9764073,1,0.0070895124,0.009506285,-1.9187418222427368,0.79432607,0.21209882199764252,False,False,False,clean
1105,25,0.10950984,0.94492203,0,0.0,0.014720976,0.015784820541739464,-0.1247872,1.3616448640823364,False,False,False,clean
1106,29,0.09313187,0.88735706,0,0.0,0.010689497,-1.3772962093353271,-1.8052157,0.6321490406990051,False,False,False,clean
1107,28,0.118303575,0.97408545,1,0.0047154156,0.009534955,0.40210139751434326,0.72654724,-0.27594858407974243,False,False,False,clean
1108,24,0.10115224,0.9651376,1,0.014854821,0.009918094,-0.6122187972068787,0.46534288,0.2768994867801666,False,False,False,clean
1109,25,0.104133725,0.96007025,1,0.013784997,0.0042841434,-0.5615012049674988,0.31741756,-1.227276086807251,False,False,False,clean
1110,29,0.11804164,0.6463952,7,0.29560837,0.008640647,1.0815578699111938,-8.83934,-0.09521012008190155,False,True,False,misaligned
1111,28,0.10993441,0.97284687,1,0.007042163,0.00776875,-0.31634387373924255,0.69039065,-0.7395973205566406,False,False,False,clean
1112,20,0.081339285,0.9648097,1,0.010759853,0.048870087,-1.9080995321273804,0.45577133,6.705698013305664,False,False,True,label_swap
1113,27,0.110231906,0.7951929,6,0.13230017,0.012409687,0.022919198498129845,-4.495659,0.5042909383773804,False,True,False,misaligned
1114,20,0.6001644,0.91855615,1,0.001328338,0.011203885,37.259864807128906,-0.8944561,0.08428514003753662,True,False,False,action_noise
1115,27,0.1312794,0.9030832,2,0.027252749,0.015250385,1.435312032699585,-1.3461403,1.255881905555725,False,False,False,clean
1116,25,0.11125138,0.7172306,7,0.26703128,0.012859225,0.2027905434370041,-6.7715225,0.8998259902000427,False,True,False,misaligned
1117,28,0.12918983,0.94635403,1,0.0031051107,0.008482873,1.3366252183914185,-0.0829844,-0.5521318912506104,False,False,False,clean
1118,27,0.1050622,0.97444266,1,0.0060816803,0.01808089,-0.32399410009384155,0.7369749,2.0047762393951416,False,False,False,clean
1119,21,0.0882098,0.9494465,0,0.0,0.0098698735,-0.7864674925804138,0.0072904755,-0.42932406067848206,False,False,False,clean
1120,21,0.10114783,0.9589757,1,0.0037925148,0.022257745,0.3698456287384033,0.28546476,2.6419482231140137,False,False,False,clean
1121,20,0.111026786,0.96921486,1,0.0044641504,0.010852098,0.3331161141395569,0.58436555,0.022443905472755432,False,False,False,clean
1122,20,0.109308034,0.9716313,1,0.009946775,0.0069509745,0.203361377120018,0.6549057,-0.6633420586585999,False,False,False,clean
1123,26,0.112117946,0.98090774,1,0.009223324,0.012129605,-0.09456009417772293,0.9257025,0.09083810448646545,False,False,False,clean
1124,27,0.12274079,0.9111942,2,0.035254955,0.013535261,0.8623285889625549,-1.1093651,0.8020949959754944,False,False,False,clean
1125,23,0.12672478,0.96268475,1,0.007834328,0.009609103,1.0633708238601685,0.39373964,0.2236553430557251,False,False,False,clean
1126,22,0.10212105,0.9608691,1,0.0006037079,0.008791864,-0.7172521948814392,0.34073666,-0.4622930884361267,False,False,False,clean
1127,29,0.11703503,0.9524904,1,0.0054985774,0.007813573,0.9821948409080505,0.096147284,-0.38882842659950256,False,False,False,clean
1128,28,0.119843036,0.9530967,1,0.0030723796,0.009104788,0.5342554450035095,0.11384626,-0.3888722360134125,False,False,False,clean
1129,23,0.106580354,0.72929233,7,0.24253532,0.0089854,-0.21246963739395142,-6.419419,0.023216022178530693,False,True,False,misaligned
1130,23,0.6457889,0.8713863,1,0.0055264137,0.012097836,33.93812561035156,-2.2714322,1.0234588384628296,True,False,False,action_noise
1131,24,0.12739356,0.968929,1,0.009506146,0.011695206,1.3012025356292725,0.57602066,0.8046431541442871,False,False,False,clean
1132,28,0.106067486,0.96396196,1,0.0067242016,0.0068091154,-0.6482976078987122,0.43102372,-0.9915122985839844,False,False,False,clean
1133,25,0.6024918,0.8713427,2,0.015667023,0.0061032176,52.95207214355469,-2.2727041,-0.7760434746742249,True,False,False,action_noise
1134,25,0.109740496,0.95858383,0,0.0,0.013006568,0.04055250808596611,0.2740262,0.9363752603530884,False,False,False,clean
1135,23,0.110270925,0.97602814,1,0.0073984405,0.013933301,0.02127140760421753,0.7832581,1.6133220195770264,False,False,False,clean
1136,23,0.11085964,0.9666634,2,0.013096109,0.004892707,0.058557480573654175,0.5098844,-1.292052149772644,False,False,False,clean
1137,26,0.64013207,0.9108162,1,0.004530812,0.009420931,52.33768844604492,-1.1204,-0.4253290295600891,True,False,False,action_noise
1138,29,0.115449905,0.94021297,1,0.011451821,0.0077858567,0.8257263898849487,-0.26225355,-0.3986679017543793,False,False,False,clean
1139,20,0.099862956,0.97299147,1,0.0064573893,0.007831454,-0.5096814036369324,0.69461185,-0.508560836315155,False,False,False,clean
1140,21,0.083273806,0.7588158,7,0.228242,0.013735592,-1.227613091468811,-5.5575733,0.5290871262550354,False,True,False,misaligned
1141,28,0.11615568,0.97346485,1,0.005889625,0.008767545,0.2177165001630783,0.70843065,-0.47740232944488525,False,False,False,clean
1142,21,0.10948891,0.9588473,2,0.023882125,0.017145276,1.1153147220611572,0.28171685,1.3744354248046875,False,False,False,clean
1143,24,0.10704082,0.5790759,7,0.38598514,0.013599038,-0.1828448623418808,-10.804517,1.3700183629989624,False,True,False,misaligned
1144,23,0.10085021,0.74395967,7,0.23988247,0.0070188046,-0.5753864049911499,-5.991252,-0.6087884902954102,False,True,False,misaligned
1145,22,0.1068162,0.9576693,1,0.00070722256,0.05228132,-0.4367922246456146,0.24732983,12.62417984008789,False,False,True,label_swap
1146,20,0.095626645,0.9662242,1,0.006501451,0.016624331,-0.8294956684112549,0.49706256,1.0371557474136353,False,False,False,clean
1147,25,0.12042197,0.822197,1,0.016049013,0.008179426,1.1875265836715698,-3.7073584,-0.26102709770202637,False,False,False,clean
1148,24,0.10390358,0.70418024,7,0.28279963,0.01300478,-0.41160139441490173,-7.1524873,1.1935431957244873,False,True,False,misaligned
1149,29,0.10615115,0.94070905,1,0.0039601717,0.006613314,-0.0921577587723732,-0.24777178,-0.8149304986000061,False,False,False,clean
1150,23,0.082866736,0.9761102,1,0.007439617,0.017614424,-1.714363694190979,0.785654,2.7963240146636963,False,False,False,label_swap
1151,28,0.1136195,0.9717881,0,0.0,0.029677987,0.0,0.65948355,5.011825084686279,False,False,True,label_swap
1152,24,0.091053806,0.9611433,1,0.009603296,0.01672864,-1.348559856414795,0.34874225,2.2994065284729004,False,False,False,clean
1153,22,0.102605775,0.976224,1,0.004915786,0.009638131,-0.6882975697517395,0.78897566,-0.20764179527759552,False,False,False,clean
1154,25,0.112414286,0.9813405,1,0.0039781877,0.010241032,0.32766345143318176,0.93833643,0.2503668963909149,False,False,False,clean
1155,20,0.11532978,0.9759966,1,0.0070307846,0.00748384,0.6579644680023193,0.78233767,-0.5696686506271362,False,False,False,clean
1156,21,0.08731765,0.9414753,0,0.0,0.012186408,-0.8662015199661255,-0.22540446,0.14500446617603302,False,False,False,clean
1157,20,0.10341028,0.97184783,1,0.0025293313,0.010730863,-0.2418810874223709,0.661227,0.0011316254967823625,False,False,False,clean
1158,27,0.09170107,0.9446864,1,0.007821745,0.010288,-1.2205936908721924,-0.13166529,-0.057064395397901535,False,False,False,clean
1159,20,0.103690475,0.97327226,1,0.0065106438,0.006824136,-0.22072823345661163,0.7028088,-0.6856393218040466,False,False,False,clean
1160,20,0.67784315,0.8584077,2,0.011486742,0.008549631,43.12411117553711,-2.650302,-0.38231128454208374,True,False,False,action_noise
1161,25,0.10518884,0.9839162,1,0.008437307,0.008363247,-0.44820329546928406,1.0135257,-0.21542921662330627,False,False,False,clean
1162,22,0.122355185,0.6618792,7,0.28556734,0.015051961,0.4914121627807617,-8.387334,1.4214414358139038,False,True,False,misaligned
1163,26,0.110691436,0.9706346,1,0.008020014,0.008035779,-0.2362137883901596,0.6258099,-0.6892848610877991,False,False,False,clean
1164,26,0.11292613,0.97845566,1,0.008626525,0.009780407,-0.014306459575891495,0.85412186,-0.356827050447464,False,False,False,clean
1165,26,0.111022465,0.98429626,1,0.009456823,0.0072574615,-0.20334230363368988,1.0246198,-0.8376017212867737,False,False,False,clean
1166,24,0.104844354,0.93565696,0,0.0,0.007346511,-0.3430033326148987,-0.39525166,-0.48677560687065125,False,False,False,clean
1167,26,0.115821436,0.9750643,1,0.0069612907,0.0075707436,0.27319958806037903,0.75512105,-0.7779024243354797,False,False,False,clean
1168,29,0.107207574,0.9735405,1,0.0051568667,0.0064719915,0.012122421525418758,0.7106387,-0.8651012182235718,False,False,False,clean
1169,26,0.11359654,0.97494334,1,0.0084945485,0.012245536,0.05226588994264603,0.7515906,0.11293002218008041,False,False,False,clean
1170,26,0.12826656,0.9750393,1,0.008693894,0.010509372,1.509010672569275,0.75439197,-0.2179148942232132,False,False,False,clean
1171,24,0.12167811,0.9689981,1,0.010196218,0.008651733,0.8844526410102844,0.57803726,-0.09916765987873077,False,False,False,clean
1172,20,0.6019127,0.8842095,1,0.005269343,0.01805073,37.391845703125,-1.8970984,1.287904977798462,True,False,False,action_noise
1173,20,0.09351987,0.9770007,1,0.0057707774,0.010052919,-0.9885438680648804,0.8116492,-0.11804530024528503,False,False,False,clean
1174,28,0.109865084,0.9790224,1,0.0051792213,0.010586143,-0.32229524850845337,0.8706655,0.0,False,False,False,clean
1175,20,0.10168976,0.97182125,1,0.0060252286,0.012791395,-0.37176913022994995,0.660451,0.3633565604686737,False,False,False,clean
1176,29,0.11568493,0.97302246,1,0.009470463,0.051233053,0.8489254117012024,0.6955166,15.025455474853516,False,False,True,label_swap
1177,20,0.1157676,0.9602059,1,0.003523058,0.012972891,0.6910169720649719,0.32137775,0.39526209235191345,False,False,False,clean
1178,27,0.1206678,0.97605103,1,0.001524441,0.011045337,0.7232204675674438,0.78392625,0.1433115154504776,False,False,False,clean
1179,25,0.08894521,0.95412195,2,0.019053347,0.014681339,-2.1924405097961426,0.1437755,1.3518126010894775,False,False,False,clean
1180,28,0.11692653,0.9664354,1,0.007531055,0.0076320767,0.2838898003101349,0.5032273,-0.7754756212234497,False,False,False,clean
1181,25,0.0850113,0.97838646,1,0.005679176,0.061056674,-2.6148624420166016,0.85210174,12.855501174926758,False,False,True,label_swap
1182,25,0.1127151,0.98105335,1,0.010112811,0.00649482,0.35996511578559875,0.9299533,-0.6789040565490723,False,False,False,clean
1183,27,0.1348539,0.92945987,1,0.0031197625,0.013067126,1.6751794815063477,-0.5761564,0.6782360076904297,False,False,False,clean
1184,22,0.6179992,0.92332155,1,0.0047349045,0.008442879,30.098173141479492,-0.75534546,-0.5673066973686218,True,False,False,action_noise
1185,27,0.098829366,0.67439187,7,0.2634718,0.007406473,-0.7422488927841187,-8.022065,-0.8194580078125,False,True,False,misaligned
1186,27,0.10210101,0.72272605,7,0.2383875,0.010271072,-0.5227048397064209,-6.6111007,-0.06154312938451767,False,True,False,misaligned
1187,24,0.09992313,0.9740585,1,0.008455802,0.008091271,-0.7018413543701172,0.72576076,-0.26560649275779724,False,False,False,clean
1188,29,0.10693227,0.94038135,1,0.0071023307,0.00558275,-0.015053189359605312,-0.25733814,-1.180789589881897,False,False,False,clean
1189,28,0.1267691,0.96760625,1,0.007093731,0.014726996,1.1288185119628906,0.5374072,1.0870208740234375,False,False,False,clean
1190,28,0.10954175,0.9759858,1,0.006108762,0.0109907985,-0.35005155205726624,0.7820227,0.10622675716876984,False,False,False,clean
1191,20,0.112358585,0.9767482,1,0.003965271,0.081379175,0.4336583614349365,0.8042787,12.4205322265625,False,False,True,label_swap
1192,28,0.12468494,0.95402783,0,0.0,0.0069032907,0.949905276298523,0.14102808,-0.9667901992797852,False,False,False,clean
1193,27,0.12077775,0.9506097,1,0.0082110185,0.025169492,0.730598509311676,0.041245997,3.8802764415740967,False,False,True,label_swap
1194,22,0.6082106,0.8587573,0,0.0,0.010711014,29.51346206665039,-2.6400952,0.11520110815763474,True,False,False,action_noise
1195,21,0.094945334,0.93900585,1,0.006060807,0.008702636,-0.1844913214445114,-0.29749143,-0.718712329864502,False,False,False,clean
1196,26,0.09990272,0.9849989,1,0.004752865,0.008534908,-1.3075424432754517,1.0451306,-0.594170331954956,False,False,False,clean
1197,20,0.121983476,0.71216977,7,0.25232217,0.0078030825,1.1602758169174194,-6.919258,-0.5135483741760254,False,True,False,misaligned
1198,22,0.11487204,0.9513997,1,0.0069625764,0.010980487,0.044414449483156204,0.06430756,0.19628848135471344,False,False,False,clean
1199,23,0.120909564,0.96826845,1,0.011509911,0.008913159,0.6950660347938538,0.5567383,0.0,False,False,False,clean
1200,20,0.104323305,0.97801626,1,0.010491795,0.015334308,-0.17295363545417786,0.8412948,0.8103800415992737,False,False,False,clean
1201,29,0.6172998,0.84843177,1,0.0028802536,0.010680079,50.36354064941406,-2.9415174,0.6288057565689087,True,False,False,action_noise
1202,22,0.092478156,0.9769756,1,0.005338585,0.010637581,-1.2932599782943726,0.81091666,0.0931043028831482,False,False,False,clean
1203,21,0.103475265,0.9746196,1,0.0074806805,0.05069703,0.5778558850288391,0.7421408,9.692778587341309,False,False,True,label_swap
1204,29,0.102744706,0.9325989,1,0.0025010954,0.010578632,-0.4284091293811798,-0.48452258,0.5927911400794983,False,False,False,clean
1205,28,0.09554428,0.96878916,1,0.0057676313,0.03274882,-1.5516554117202759,0.5719387,5.817952632904053,False,False,True,label_swap
1206,28,0.10517856,0.9707973,1,0.0036291792,0.008345604,-0.7246071100234985,0.63056004,-0.5881667137145996,False,False,False,clean
1207,20,0.10746911,0.984928,1,0.0019333868,0.005191982,0.06453454494476318,1.0430617,-0.9725587368011475,False,False,False,clean
1208,26,0.11961946,0.9632936,1,0.010981417,0.0111762285,0.6503464579582214,0.41151342,-0.09083810448646545,False,False,False,clean
1209,28,0.115005255,0.97771865,1,0.0032367918,0.007313788,0.11895930022001266,0.83260715,-0.8590300679206848,False,False,False,clean
1210,29,0.6095065,0.8355824,0,0.0,0.0049161315,49.594261169433594,-3.3166149,-1.4174447059631348,True,False,False,action_noise
1211,29,0.10392512,0.77001125,7,0.20888707,0.016933084,-0.3118903338909149,-5.230758,2.84867525100708,False,True,False,misaligned
1212,27,0.09872198,0.9059127,2,0.012200523,0.009785414,-0.7494549751281738,-1.263542,-0.1900385618209839,False,False,False,clean
1213,22,0.65996873,0.8502538,0,0.0,0.0077093244,32.60517883300781,-2.888328,-0.7880415916442871,True,False,False,action_noise
1214,29,0.11543558,0.9560774,1,0.006295547,0.008989632,0.824312150478363,0.2008587,0.028682589530944824,False,False,False,clean
1215,27,0.110701755,0.9563704,1,0.014848307,0.012525439,0.054448410868644714,0.2094124,0.5349166393280029,False,False,False,clean
1216,28,0.13249107,0.9416967,1,0.0070544765,0.013269901,1.620017409324646,-0.21894047,0.7045170068740845,False,False,False,clean
1217,21,0.11061929,0.9702024,0,0.0,0.011745453,1.21634042263031,0.6131934,0.03568033501505852,False,False,False,clean
1218,20,0.08115517,0.7599043,7,0.22909325,0.023741603,-1.9219987392425537,-5.525798,2.2883143424987793,False,True,False,misaligned
1219,24,0.56160825,0.8677307,1,0.019009395,0.018305898,32.96255874633789,-2.3781462,2.7678000926971436,True,False,False,action_noise
1220,27,0.13430001,0.9710265,1,0.0020052968,0.007837117,1.6380105018615723,0.63725024,-0.7055184245109558,False,False,False,clean
1221,22,0.12365296,0.9549874,1,0.008507117,0.012378156,0.5689331889152527,0.16903986,0.6168631315231323,False,False,False,clean
1222,26,0.11845982,0.9685555,1,0.008199851,0.015669823,0.5351933836936951,0.565118,0.7654650807380676,False,False,False,clean
1223,28,0.5980281,0.88245016,2,0.020456057,0.011678636,41.583740234375,-1.9484571,0.2867918908596039,True,False,False,action_noise
1224,24,0.11598214,0.88164985,0,0.0,0.012324989,0.46912330389022827,-1.9718196,0.9916678071022034,False,False,False,clean
1225,24,0.10535478,0.9540484,1,0.006597801,0.01450038,-0.30578505992889404,0.14162837,1.6376869678497314,False,False,False,clean
1226,23,0.63203293,0.8710418,1,0.010053136,0.009521842,33.06689453125,-2.2814891,0.19561223685741425,True,False,False,action_noise
1227,20,0.11070578,0.9788953,1,0.008498162,0.010717988,0.30888205766677856,0.8669559,-0.0011316254967823625,False,False,False,clean
1228,26,0.112245105,0.975681,1,0.0032508732,0.0126543045,-0.08193308860063553,0.7731245,0.19082532823085785,False,False,False,clean
1229,25,0.108134925,0.9699833,1,0.0074581667,0.006354153,-0.13185325264930725,0.6067973,-0.7137973308563232,False,False,False,clean
1230,23,0.101389036,0.9796541,1,0.005650636,0.012565136,-0.5412600636482239,0.88910574,1.1736351251602173,False,False,False,clean
1231,23,0.10843085,0.9757555,1,0.010373473,0.007479787,-0.09526927024126053,0.7752995,-0.46064266562461853,False,False,False,clean
1232,26,0.11256696,0.97183025,1,0.013583231,0.010466218,-0.04997235909104347,0.66071373,-0.22613830864429474,False,False,False,clean
1233,24,0.11205602,0.9425028,1,0.010658511,0.0069539547,0.1828448623418808,-0.1954091,-0.6033518314361572,False,False,False,clean
1234,29,0.1131118,0.9413828,1,0.008799891,0.009306848,0.5949311852455139,-0.22810315,0.14129693806171417,False,False,False,clean
1235,23,0.099961735,0.97992355,1,0.008636795,0.007981658,-0.6316576600074768,0.8969721,-0.2993564307689667,False,False,False,clean
1236,23,0.10031747,0.98573977,1,0.0052136756,0.006509125,-0.6091272830963135,1.0667584,-0.7725840210914612,False,False,False,clean
1237,29,0.11765941,0.9274996,1,0.001011369,0.009314418,1.043827772140503,-0.63338053,0.14398427307605743,False,False,False,clean
1238,27,0.5877894,0.75852317,3,0.034559853,0.007968545,32.06944274902344,-5.5661163,-0.6707451939582825,True,False,False,action_noise
1239,28,0.10576236,0.9792195,1,0.0078960685,0.00538826,-0.674490749835968,0.8764196,-1.3645029067993164,False,False,False,clean
1240,21,0.09336636,0.7317141,7,0.21321939,0.014289737,-0.3256090581417084,-6.348722,0.6664738059043884,False,True,False,misaligned
1241,22,0.10490224,0.9748714,1,0.007589463,0.010963976,-0.5511208176612854,0.7494905,0.1913202852010727,False,False,False,clean
1242,24,0.118468896,0.94844705,0,0.0,0.00847888,0.6504486203193665,-0.021885347,-0.15049943327903748,False,False,False,clean
1243,24,0.11387558,0.9792856,1,0.0054875473,0.010926843,0.3155209720134735,0.8783492,0.5764645934104919,False,False,False,clean
1244,26,0.111175,0.95627886,1,0.006241095,0.017437458,-0.1881953775882721,0.2067398,1.1023072004318237,False,False,False,label_swap
1245,24,0.113540724,0.95737463,1,0.0034978895,0.009649992,0.2911042869091034,0.2387274,0.19728213548660278,False,False,False,clean
1246,22,0.11142452,0.9768468,1,0.0053076404,0.014367104,-0.16151930391788483,0.80715656,1.2153600454330444,False,False,False,clean
1247,26,0.56993544,0.9193867,1,0.0055694617,0.0075847507,45.367103576660156,-0.87021136,-0.7752332091331482,True,False,False,action_noise
1248,25,0.10383333,0.97318697,1,0.0013409342,0.008498371,-0.5937572717666626,0.70031893,-0.1819109469652176,False,False,False,clean
1249,28,0.108329296,0.9615044,1,0.0064311614,0.020492911,-0.4541339874267578,0.359283,2.6006386280059814,False,False,False,clean
1250,29,0.11852591,0.9673049,1,0.0046825814,0.0071132183,1.1293598413467407,0.52860993,-0.6374602317810059,False,False,False,clean
1251,23,0.089996204,0.7724287,7,0.22182721,0.006057322,-1.2628211975097656,-5.160188,-0.9177799820899963,False,True,False,misaligned
1252,26,0.11108143,0.7167671,7,0.26340792,0.013028204,-0.19748714566230774,-6.785054,0.2620760202407837,False,True,False,misaligned
1253,23,0.1432098,0.95257753,1,0.0034909942,0.046270847,2.1074440479278564,0.09869112,12.005633354187012,False,False,True,label_swap
1254,28,0.6089754,0.8829149,1,0.0069166343,0.008643389,42.523502349853516,-1.9348905,-0.5099948048591614,True,False,False,action_noise
1255,21,0.09077419,0.7360818,7,0.21433942,0.0061669946,-0.5572794675827026,-6.2212224,-1.347362995147705,False,True,False,misaligned
1256,22,0.11621233,0.97703165,1,0.0041121193,0.010248303,0.12447536736726761,0.8125522,-0.024033861234784126,False,False,False,clean
1257,26,0.113969155,0.9435853,0,0.0,0.035453677,0.08926647156476974,-0.16380951,4.53549337387085,False,False,True,label_swap
1258,20,0.09393461,0.978821,1,0.009615475,0.045805752,-0.9572333693504333,0.86478615,6.167013168334961,False,False,True,label_swap
1259,29,0.11003851,0.9790672,1,0.002655114,0.006904602,0.2915654480457306,0.87197393,-0.711520791053772,False,False,False,clean
1260,21,0.10017152,0.96190447,1,0.0072838846,0.008848667,0.28258976340293884,0.37096167,-0.6825073957443237,False,False,False,clean
1261,30,0.13407953,0.97063744,1,0.0011085271,0.012930274,-0.19167280197143555,0.6258934,-0.2825745940208435,False,False,False,clean
1262,31,0.60922325,0.86555624,0,0.0,0.0126366615,28.677051544189453,-2.441622,-0.11132766306400299,True,False,False,action_noise
1263,31,0.1455076,0.9263833,1,0.002914208,0.013935983,0.0,-0.6659667,0.2186739295721054,False,False,False,clean
1264,32,0.6495571,0.89802116,1,0.01216949,0.014262497,16.591218948364258,-1.4939107,-0.2497255802154541,True,False,False,action_noise
1265,32,0.1746013,0.9551097,1,0.019554663,0.022013783,-0.026116441935300827,0.17261028,1.2637221813201904,False,False,False,clean
1266,32,0.1613201,0.9543788,1,0.012552692,0.029580474,-0.49078723788261414,0.15127303,2.7411274909973145,False,False,False,clean
1267,33,0.6231124,0.8969637,1,0.008718332,0.010659754,25.33786964416504,-1.5247796,-0.6739062666893005,True,False,False,action_noise
1268,31,0.14961378,0.9564595,1,0.008540181,0.019537568,0.2539338767528534,0.21201365,1.6413639783859253,False,False,False,clean
1269,33,0.10719682,0.9672165,1,0.0026028955,0.008301377,-0.7278296947479248,0.5260296,-1.224426507949829,False,False,False,clean
1270,33,0.09069136,0.9701341,0,0.0,0.013546705,-1.56173837184906,0.6111994,0.0,False,False,False,clean
1271,32,0.17003892,0.9602226,1,0.021050123,0.017472804,-0.1857409030199051,0.32186493,0.3770905137062073,False,False,False,clean
1272,38,0.20943876,0.955916,1,0.011726726,0.015590191,2.9168758392333984,0.19614686,0.8035968542098999,False,False,False,label_swap
1273,34,0.21216808,0.94034946,2,0.030229729,0.009227991,-0.06184127554297447,-0.258269,-0.8577058911323547,False,False,False,clean
1274,32,0.14938843,0.96814764,1,0.0010140224,0.033088505,-0.9082421064376831,0.5532114,3.426074743270874,False,False,True,label_swap
1275,34,0.2242299,0.92479056,1,0.018821727,0.012992263,0.5471854209899902,-0.7124622,0.08823753148317337,False,False,False,clean
1276,31,0.16884185,0.9515275,1,0.0049772863,0.010899901,1.4430341720581055,0.06803806,-0.5524298548698425,False,False,False,clean
1277,30,0.13012548,0.7575252,6,0.195803,0.0108059645,-0.3957746922969818,-5.5952487,-0.8931391835212708,False,True,False,misaligned
1278,35,0.1864445,0.9531814,1,0.005059438,0.013457358,0.7262136936187744,0.116318755,0.06301148980855942,False,False,False,clean
1279,35,0.17080359,0.9655119,1,0.008842218,0.0136114955,-0.2900567650794983,0.4762699,0.10012519359588623,False,False,False,clean
1280,38,0.15593791,0.96194756,1,0.007922472,0.02898407,0.6202768683433533,0.37221968,3.974104642868042,False,False,True,label_swap
1281,37,0.13952488,0.7063145,7,0.27534434,0.01296556,-0.3573470115661621,-7.090184,-0.14417244493961334,False,True,False,misaligned
1282,34,0.21182398,0.93327636,1,0.028933361,0.010333121,-0.07921548932790756,-0.4647461,-0.5799921154975891,False,False,False,clean
1283,34,0.1608611,0.92503417,1,0.019178743,0.018112838,-2.6524386405944824,-0.70535094,1.3750135898590088,False,False,False,label_swap
1284,31,0.14593719,0.96359426,1,0.0062253615,0.017253757,0.026566384360194206,0.42028984,1.06132173538208,False,False,False,clean
1285,36,0.16197,0.9624313,1,0.019138817,0.02437663,-0.523099422454834,0.38634127,2.2827816009521484,False,False,False,clean
1286,36,0.16186689,0.94931185,1,0.012968451,0.036221445,-0.5294396281242371,0.0033598829,4.715546131134033,False,False,True,label_swap
1287,38,0.12942857,0.95858616,1,0.01961243,0.0119764805,-0.517673909664154,0.27409405,-0.05181605741381645,False,False,False,clean
1288,32,0.20124793,0.9437339,1,0.014851727,0.015628934,0.9061723351478577,-0.15947177,0.01707276701927185,False,False,False,clean
1289,38,0.14328572,0.94714636,1,0.012741065,0.01743251,0.077163927257061,-0.05985498,1.2396982908248901,False,False,False,clean
1290,39,0.21809778,0.9574532,0,0.0,0.01410532,2.885234832763672,0.2410207,-0.18641707301139832,False,False,False,clean
1291,30,0.68577474,0.89597285,1,0.0041429885,0.014383912,28.285953521728516,-1.5537047,0.1352270394563675,True,False,False,action_noise
1292,30,0.16822794,0.9573118,1,0.00581437,0.015399575,1.5710135698318481,0.23689349,0.4271468222141266,False,False,False,clean
1293,36,0.16155548,0.9666816,1,0.013795339,0.0099852085,-0.5485866069793701,0.5104151,-0.6730216145515442,False,False,False,clean
1294,37,0.5709377,0.8973367,1,0.0023300995,0.013344288,21.691347122192383,-1.5138907,-0.06332594156265259,True,False,False,action_noise
1295,39,0.15059829,0.96639615,1,0.009956857,0.011080503,-0.5487633347511292,0.50208235,-0.6973975896835327,False,False,False,clean
1296,39,0.16138491,0.9668569,1,0.0006349899,0.007952452,0.0,0.5155323,-1.2258175611495972,False,False,False,clean
1297,37,0.70435995,0.90746,0,0.0,0.016001642,28.510305404663086,-1.2183743,0.5039355754852295,True,False,False,action_noise
1298,31,0.1458656,0.7129155,7,0.23630579,0.015086234,0.022139420732855797,-6.8974895,0.5108144283294678,False,True,False,misaligned
1299,38,0.16801506,0.9442085,1,0.019296035,0.014050186,1.1387056112289429,-0.14561638,0.439057320356369,False,False,False,clean
1300,34,0.20358717,0.95442474,1,0.01295867,0.009547532,-0.4951094090938568,0.15261453,-0.7774069309234619,False,False,False,clean
1301,30,0.15880698,0.9155537,1,0.008606725,0.017050445,1.0847185850143433,-0.98210365,0.9016364216804504,False,False,False,clean
1302,31,0.1388702,0.9406078,1,0.005972407,0.009814143,-0.4104699492454529,-0.25072798,-0.8281906247138977,False,False,False,clean
1303,35,0.17964888,0.9600572,1,0.015509389,0.027570248,0.2846667468547821,0.3170365,3.4611542224884033,False,False,True,clean
1304,30,0.15665141,0.9667907,1,0.0048043313,0.0179286,0.9734513759613037,0.5135992,1.154033899307251,False,False,False,clean
1305,37,0.1337862,0.95841753,1,0.006228316,0.008961678,-0.6506398916244507,0.26917168,-0.9988754391670227,False,False,False,clean
1306,39,0.18927759,0.9489949,1,0.011930433,0.015058458,1.4190242290496826,-0.00589328,-0.025404034182429314,False,False,False,clean
1307,36,0.1917508,0.96146214,0,0.0,0.009420812,1.3080010414123535,0.35804936,-0.788940966129303,False,False,False,clean
1308,33,0.124678075,0.9681451,1,0.009503498,0.008577466,0.15537893772125244,0.5531366,-1.1599786281585693,False,False,False,clean
1309,30,0.13791615,0.95155984,0,0.0,0.012989223,0.006367223337292671,0.06898286,-0.2656315863132477,False,False,False,clean
1310,38,0.12775096,0.94844717,1,0.015307247,0.012083173,-0.5896874070167542,-0.021881867,-0.026560580357909203,False,False,False,clean
1311,33,0.11169259,0.9673781,1,0.0050051035,0.010601044,-0.5006890296936035,0.53074664,-0.6876111626625061,False,False,False,clean
1312,39,0.63531387,0.92422104,1,0.008699413,0.017003298,24.11086654663086,-0.7290876,0.3031366765499115,True,False,False,action_noise
1313,32,0.16677308,0.9635188,1,0.016153393,0.014681935,-0.3000033497810364,0.41808704,-0.16782982647418976,False,False,False,clean
1314,30,0.13766943,0.9665646,1,0.00024964372,0.009518504,-0.006367992609739304,0.5069995,-1.2631783485412598,False,False,False,clean
1315,38,0.62459636,0.82984406,2,0.025113655,0.012338281,20.73809814453125,-3.484127,0.03382682055234909,True,False,False,action_noise
1316,38,0.64935094,0.8492272,2,0.015264484,0.00809437,21.800724029541016,-2.9182973,-0.9707627296447754,True,False,False,action_noise
1317,32,0.17282426,0.9208542,1,0.0017527563,0.033519685,-0.08828987926244736,-0.82737154,3.510263204574585,False,False,True,label_swap
1318,37,0.14288096,0.9588367,1,0.010865971,0.010453999,-0.18582388758659363,0.28140715,-0.6803117394447327,False,False,False,clean
1319,35,0.17075627,0.96805555,1,0.012840636,0.03520012,-0.2931317687034607,0.55052316,5.298296928405762,False,False,True,clean
1320,38,0.63344973,0.86528033,1,0.0039125825,0.008625984,21.118141174316406,-2.4496765,-0.8449227213859558,True,False,False,action_noise
1321,35,0.1662886,0.95718694,1,0.01654947,0.021092057,-0.5834189653396606,0.23324825,1.90131676197052,False,False,False,clean
1322,37,0.17380804,0.68123186,7,0.23765826,0.010081649,1.3948005437850952,-7.8223934,-0.7597967982292175,False,True,False,misaligned
1323,37,0.13285285,0.9374141,1,0.0043909904,0.009705484,-0.6983415484428406,-0.34395733,-0.8400961756706238,False,False,False,clean
1324,35,0.62435627,0.8786103,1,0.011398879,0.009534597,29.179588317871094,-2.0605495,-0.8815222382545471,True,False,False,action_noise
1325,33,0.11011112,0.9849287,0,0.0,0.0123182535,-0.5805901885032654,1.0430826,-0.28675973415374756,False,False,False,clean
1326,39,0.15124255,0.9814017,1,0.0018262303,0.019201577,-0.5159866213798523,0.94012165,0.6744906902313232,False,False,False,clean
1327,34,0.17242658,0.96316034,1,0.010706217,0.015030265,-2.0684733390808105,0.40762284,0.6003776788711548,False,False,False,clean
1328,35,0.1664865,0.9401523,1,0.010665841,0.01975125,-0.5705602169036865,-0.26402485,1.578473448753357,False,False,False,clean
1329,30,0.13253312,0.7377893,7,0.22718543,0.014488578,-0.27149614691734314,-6.171377,0.1653098613023758,False,True,False,misaligned
1330,34,0.63965327,0.8044572,1,0.034027345,0.023539066,21.52278709411621,-4.225217,2.738598585128784,True,False,False,action_noise
1331,37,0.13733837,0.95582914,2,0.015045493,0.024438977,-0.46909523010253906,0.19361173,2.3050413131713867,False,False,False,clean
1332,36,0.18030426,0.9649091,1,0.015058667,0.010346949,0.6041997671127319,0.45867184,-0.5987249612808228,False,False,False,clean
1333,30,0.13207825,0.9734957,1,0.006358286,0.01918608,-0.29497596621513367,0.709332,1.515455961227417,False,False,False,clean
1334,31,0.6608976,0.8465832,1,0.005525496,0.011187911,31.87269401550293,-2.9954808,-0.4792811870574951,True,False,False,action_noise
1335,39,0.19704668,0.96001434,1,0.013584881,0.008829117,1.814272403717041,0.31578547,-1.0777230262756348,False,False,False,clean
1336,30,0.5967762,0.87693226,1,0.007959416,0.012104213,23.691987991333008,-2.1095347,-0.5199992656707764,True,False,False,action_noise
1337,30,0.10870166,0.7562647,7,0.22473139,0.008909881,-1.5016378164291382,-5.6320457,-1.4381074905395508,False,True,False,misaligned
1338,30,0.15668143,0.96277386,1,0.005418103,0.015914679,0.9750012755393982,0.39634088,0.5751967430114746,False,False,False,clean
1339,31,0.14109741,0.9537176,1,0.009378758,0.008879125,-0.2727346420288086,0.13197154,-1.0656664371490479,False,False,False,clean
1340,30,0.1304113,0.9730449,1,0.009062215,0.014967978,-0.3810211718082428,0.6961708,0.30309805274009705,False,False,False,clean
1341,32,0.20889379,0.9377916,1,0.014314307,0.011828482,1.173678994178772,-0.3329381,-0.7249699234962463,False,False,False,clean
1342,36,0.15989795,0.96745765,1,0.014795962,0.015237272,-0.6505014896392822,0.5330695,0.4056810736656189,False,False,False,clean
1343,32,0.22554563,0.9526622,1,0.01970142,0.021101952,1.7562788724899292,0.10116362,1.0856859683990479,False,False,False,clean
1344,33,0.24985811,0.91543245,1,0.01649466,0.02090311,6.479873180389404,-0.98564273,1.7172191143035889,True,False,False,label_swap
1345,38,0.11389089,0.60921973,7,0.36989743,0.010514736,-1.1846506595611572,-9.9245615,-0.39783021807670593,False,True,False,misaligned
1346,36,0.1458014,0.96712035,1,0.01651405,0.014584959,-1.5172418355941772,0.523223,0.2717047929763794,False,False,False,clean
1347,34,0.67153597,0.87492156,1,0.012058165,0.020375252,23.132610321044922,-2.168231,1.943547248840332,True,False,False,action_noise
1348,36,0.16710055,0.95196104,1,0.010824729,0.008218288,-0.20764300227165222,0.08069461,-1.0359230041503906,False,False,False,clean
1349,31,0.1442297,0.9533128,1,0.006190815,0.013074994,-0.07902828603982925,0.120155394,0.0,False,False,False,clean
1350,37,0.12762232,0.6965841,7,0.2817007,0.026384711,-0.9656641483306885,-7.374233,2.7203943729400635,False,True,False,misaligned
1351,39,0.16096286,0.97502697,1,0.0054597594,0.010314465,-0.021471329033374786,0.75403184,-0.8268041014671326,False,False,False,clean
1352,34,0.23152344,0.9454779,1,0.014320166,0.0134112835,0.9154514670372009,-0.10856023,0.19353540241718292,False,False,False,clean
1353,38,0.13668224,0.9495283,1,0.015270345,0.012296557,-0.20629969239234924,0.009677715,0.023950377479195595,False,False,False,clean
1354,38,0.65937626,0.81929314,1,0.010835897,0.019102573,22.231075286865234,-3.7921278,1.6350241899490356,True,False,False,action_noise
1355,39,0.17349768,0.9701951,1,0.012191971,0.01520884,0.6162301301956177,0.61298114,0.0,False,False,False,clean
1356,39,0.14419317,0.98083097,1,0.006752013,0.027579427,-0.8746199011802673,0.92346144,2.0897562503814697,False,False,False,clean
1357,35,0.1759455,0.96149606,1,0.014841383,0.012434125,0.0440397672355175,0.3590394,-0.18336552381515503,False,False,False,clean
1358,38,0.14465816,0.96453154,1,0.016016081,0.008314073,0.1360779106616974,0.44765088,-0.9187561869621277,False,False,False,clean
1359,31,0.14584723,0.95331025,1,0.0067903213,0.01284796,0.02100319229066372,0.120080575,-0.05766209587454796,False,False,False,clean
1360,31,0.61306703,0.8369595,1,0.006690509,0.013241231,28.914758682250977,-3.2764146,0.04222094640135765,True,False,False,action_noise
1361,39,0.15502682,0.9571602,1,0.0053043766,0.018328607,-0.3234640657901764,0.232467,0.5270203948020935,False,False,False,label_swap
1362,33,0.09969494,0.97843695,1,0.0032668177,0.010657251,-1.1068488359451294,0.8535755,-0.6744906306266785,False,False,False,clean
1363,36,0.6021813,0.9120787,1,0.013092871,0.01469481,26.54371452331543,-1.0835457,0.2942667603492737,True,False,False,action_noise
1364,33,0.09652481,0.9265038,1,0.0013209984,0.009954751,-1.267013669013977,-0.6624502,-0.8384765386581421,False,False,False,clean
1365,36,0.1780102,0.93969464,1,0.008531096,0.028330564,0.4631470739841461,-0.27738434,3.0948660373687744,False,False,True,label_swap
1366,35,0.1901957,0.95589936,1,0.01629717,0.013344049,0.9699476361274719,0.19566141,0.035728756338357925,False,False,False,clean
1367,35,0.1852488,0.97332066,1,0.013786075,0.012770712,0.6485229730606079,0.70422167,-0.10232102125883102,False,False,False,clean
1368,34,0.20003451,0.5276825,7,0.40973493,0.012343168,-0.6744906902313232,-12.304785,-0.0748768299818039,False,True,False,misaligned
1369,33,0.1059385,0.9813056,1,3.4893277e-05,0.012013316,-0.7914040684700012,0.93731683,-0.35794180631637573,False,False,False,clean
1370,37,0.12048637,0.97304195,1,0.008293734,0.016773343,-1.330368995666504,0.6960856,0.6686695218086243,False,False,False,clean
1371,30,0.11601728,0.97062194,1,0.005212588,0.022155285,-1.1240172386169434,0.625441,2.368858814239502,False,False,False,clean
1372,32,0.15990373,0.9496615,1,0.016749663,0.038240373,-0.5403419733047485,0.013566549,4.43198299407959,False,False,True,label_swap
1373,31,0.16032967,0.94085413,1,0.004539961,0.017731726,0.9166245460510254,-0.2435367,1.1827163696289062,False,False,False,clean
1374,30,0.15127017,0.94496626,1,1.8184195e-05,0.014272928,0.6956803202629089,-0.12349614,0.10332829505205154,False,False,False,clean
1375,37,0.13866428,0.7559514,7,0.19835894,0.0238173,-0.40133073925971985,-5.641191,2.172333002090454,False,True,False,misaligned
1376,37,0.15350763,0.9657546,1,0.00488158,0.01317811,0.3572853207588196,0.48335508,-0.09879966825246811,False,False,False,clean
1377,37,0.14596614,0.9636514,1,0.017200984,0.021667719,-0.028146110475063324,0.42195848,1.7134648561477661,False,False,False,label_swap
1378,35,0.17623137,0.57401365,7,0.4061557,0.010466337,0.06261380761861801,-10.952292,-0.6571751832962036,False,True,False,misaligned
1379,34,0.23982857,0.92168194,1,0.023296598,0.013691902,1.3347951173782349,-0.8032086,0.2640535235404968,False,False,False,clean
1380,38,0.1295893,0.96643806,1,0.011432633,0.015675426,-0.5107740163803101,0.50330555,0.8237730264663696,False,False,False,clean
1381,35,0.115551054,0.97780347,1,0.0043023205,0.013947368,-3.8800973892211914,0.8350831,0.18099747598171234,False,False,False,label_swap
1382,34,0.7135272,0.85538346,1,0.029921507,0.015794396,25.252836227416992,-2.7385845,0.7924002408981323,True,False,False,action_noise
1383,31,0.13899904,0.96654296,1,0.009515189,0.044965386,-0.40250158309936523,0.5063679,8.099518775939941,False,False,True,label_swap
1384,33,0.12986395,0.97641546,1,0.0068235407,0.011156261,0.4173857271671295,0.7945644,-0.5580057501792908,False,False,False,clean
1385,38,0.16105653,0.9620043,1,0.01889876,0.014132142,0.8400009870529175,0.37387612,0.45845746994018555,False,False,False,clean
1386,35,0.59533376,0.89836335,1,0.010121492,0.00910008,27.293846130371094,-1.4839215,-0.9861467480659485,True,False,False,action_noise
1387,36,0.15394022,0.5790179,7,0.39074427,0.012549639,-1.016818642616272,-10.80621,-0.1463223546743393,False,True,False,misaligned
1388,32,0.17033693,0.9526311,1,0.00973713,0.01799512,-0.17531445622444153,0.100255355,0.4790732264518738,False,False,False,clean
1389,33,0.10738315,0.9714135,1,0.006286426,0.011578083,-0.7184159755706787,0.6485478,-0.4595390856266022,False,False,False,clean
1390,39,0.18339972,0.9556701,1,0.0050338474,0.009846747,1.1199910640716553,0.18896948,-0.9058154225349426,False,False,False,clean
1391,35,0.1796875,0.963945,1,0.007901183,0.011444449,0.28717634081840515,0.43052784,-0.42166247963905334,False,False,False,clean
1392,36,0.180988,0.9557076,1,0.007323607,0.019034743,0.6462401747703552,0.19006392,1.1856303215026855,False,False,False,clean
1393,36,0.18072248,0.9576539,1,0.01022526,0.012807965,0.6299141645431519,0.24687918,-0.0932655781507492,False,False,False,clean
1394,31,0.12608346,0.9327679,1,0.0022936915,0.01343441,-1.2012255191802979,-0.47958803,0.09128444641828537,False,False,False,clean
1395,34,0.22583126,0.9085261,1,0.021183293,0.01577717,0.6280410885810852,-1.1872513,0.7880715131759644,False,False,False,clean
1396,32,0.19523863,0.94919676,1,0.017725475,0.010785699,0.6959244012832642,0.0,-0.9285746216773987,False,False,False,clean
1397,34,0.20390974,0.94158304,1,0.01763671,0.010961771,-0.47882241010665894,-0.2222586,-0.42201533913612366,False,False,False,clean
1398,33,0.10417756,0.9773308,1,0.0034615255,0.01131475,-0.8803725838661194,0.8212851,-0.5210094451904297,False,False,False,clean
1399,37,0.19501849,0.94595563,1,0.009449997,0.01180315,2.4788262844085693,-0.094614364,-0.39231038093566895,False,False,False,clean
1400,39,0.19056122,0.9638446,1,0.0035245884,0.01609981,1.4843281507492065,0.4275977,0.15051110088825226,False,False,False,clean
1401,34,0.20829053,0.96072656,1,0.021122828,0.010609746,-0.2576269507408142,0.33657637,-0.5104775428771973,False,False,False,clean
1402,39,0.21937345,0.951814,1,0.0055178474,0.009423971,2.950134038925171,0.0764021,-0.9772346615791321,False,False,False,clean
1403,36,0.1458746,0.95348734,1,0.018285329,0.008665144,-1.5127404928207397,0.12525003,-0.9441449046134949,False,False,False,clean
1404,32,0.20473707,0.9266267,1,0.008137859,0.016472936,1.0282472372055054,-0.6588624,0.18186511099338531,False,False,False,clean
1405,35,0.18138584,0.9680435,1,0.01397946,0.010101974,0.3975265324115753,0.5501717,-0.7449076175689697,False,False,False,clean
1406,37,0.14166242,0.6926892,7,0.2696274,0.011868,-0.24810127913951874,-7.4879327,-0.37846696376800537,False,True,False,misaligned
1407,33,0.58796495,0.8838828,0,0.0,0.026713133,23.562108993530273,-1.9066352,3.073463201522827,True,False,True,action_noise
1408,39,0.1477705,0.70877826,6,0.24213353,0.022153258,-0.6926257014274597,-7.0182624,1.1731165647506714,False,True,False,misaligned
1409,36,0.18499675,0.9499329,1,0.013726462,0.0292902,0.8927223086357117,0.021488633,3.291962146759033,False,False,True,clean
1410,34,0.2326565,0.9286031,1,0.02452924,0.006984234,0.9726617932319641,-0.6011667,-1.4215513467788696,False,False,False,clean
1411,39,0.19046377,0.949091,1,0.008470422,0.012126684,1.4793702363967896,-0.0030867073,-0.5206668972969055,False,False,False,clean
1412,39,0.13593842,0.97194684,1,0.0007715315,0.00816226,-1.2945756912231445,0.6641171,-1.1903748512268066,False,False,False,clean
1413,36,0.1809223,0.9702164,1,0.00444156,0.015337825,0.6422005891799927,0.6136023,0.42633330821990967,False,False,False,clean
1414,37,0.17661636,0.95861095,1,0.0042194743,0.022937357,1.5383284091949463,0.27481788,1.9844927787780762,False,False,False,clean
1415,39,0.15333511,0.96925145,1,0.0007515585,0.011134982,-0.40952906012535095,0.5854339,-0.6881945729255676,False,False,False,label_swap
1416,30,0.14891648,0.9528594,1,0.009391222,0.014099419,0.5741869211196899,0.10691944,0.053458668291568756,False,False,False,clean
1417,36,0.18224889,0.9645078,1,0.0039361697,0.021363497,0.7237672805786133,0.44695836,1.6639246940612793,False,False,False,clean
1418,30,0.14540765,0.74425626,6,0.17235246,0.013140321,0.3930664360523224,-5.982594,-0.22220337390899658,False,True,False,misaligned
1419,39,0.13984126,0.9631044,1,0.009443359,0.027161121,-1.096021056175232,0.40599075,2.019092082977295,False,False,False,clean
1420,31,0.12940247,0.74009895,7,0.20807138,0.018137097,-0.9959716796875,-6.1039534,1.2856725454330444,False,True,False,misaligned
1421,30,0.1250893,0.9680718,1,0.00011595525,0.014176965,-0.6557340025901794,0.55099815,0.07574667781591415,False,False,False,clean
1422,33,0.12014534,0.9746302,1,0.0075865206,0.017148793,-0.07362914085388184,0.7424488,0.8408418893814087,False,False,False,clean
1423,33,0.12245568,0.9727218,1,0.0038493276,0.009269595,0.043096382170915604,0.6867402,-0.998413622379303,False,False,False,clean
1424,30,0.10879153,0.9400561,0,0.0,0.017801046,-1.4969990253448486,-0.26683316,1.1173726320266724,False,False,False,label_swap
1425,36,0.24776164,0.9501611,1,0.014543801,0.009970903,4.751881122589111,0.02815098,-0.6759596467018127,True,False,False,label_swap
1426,38,0.56534326,0.8584896,1,0.013842684,0.015793622,18.194576263427734,-2.6479113,0.8517516255378723,True,False,False,action_noise
1427,37,0.13877143,0.97275126,1,0.005597585,0.01357621,-0.39585426449775696,0.6875997,-0.013817957602441311,False,False,False,clean
1428,38,0.12723938,0.9560858,1,0.015818745,0.0106009245,-0.6116479635238647,0.20110403,-0.3774283230304718,False,False,False,clean
1429,30,0.1327831,0.977678,1,0.004239687,0.017091513,-0.25859248638153076,0.8314205,0.9134399890899658,False,False,False,clean
1430,35,0.14483306,0.93341583,1,0.004657297,0.024949014,-1.977495551109314,-0.46067455,2.8300061225891113,False,False,False,label_swap
1431,37,0.13053837,0.9585302,1,0.0080275275,0.013705671,-0.8166301846504211,0.27246022,0.013817957602441311,False,False,False,clean
1432,38,0.14006679,0.53432316,7,0.43576348,0.02155435,-0.06101332604885101,-12.110931,2.2153923511505127,False,True,False,misaligned
1433,32,0.1687236,0.9523856,1,0.01938926,0.014143825,-0.23176035284996033,0.09308841,-0.27289658784866333,False,False,False,clean
1434,31,0.14033715,0.74653524,7,0.19855888,0.013056934,-0.3197503685951233,-5.916066,-0.0045869299210608006,False,True,False,misaligned
1435,39,0.60218716,0.91761065,1,0.0024175614,0.012888551,22.42556381225586,-0.9220573,-0.39196521043777466,True,False,False,action_noise
1436,37,0.16219854,0.9567806,1,0.01136207,0.024564624,0.8014612197875977,0.22138686,2.3318629264831543,False,False,False,clean
1437,35,0.17385001,0.97145504,1,0.0055021876,0.01547426,-0.09211501479148865,0.6497606,0.5486470460891724,False,False,False,clean
1438,36,0.15345687,0.65156037,7,0.33328098,0.013214409,-1.0465378761291504,-8.68856,-0.009787468239665031,False,True,False,misaligned
1439,39,0.15072842,0.9552351,1,0.0043354533,0.0205369,-0.542142927646637,0.17627117,0.9000660181045532,False,False,False,clean
1440,38,0.109177746,0.96545416,1,0.011829573,0.010864913,-1.3869688510894775,0.47458386,-0.31493863463401794,False,False,False,clean
1441,31,0.17488445,0.93516636,1,0.00999831,0.012372851,1.816719889640808,-0.40957335,-0.17833013832569122,False,False,False,clean
1442,38,0.13862038,0.957956,1,0.017462913,0.018732786,-0.12310254573822021,0.25569907,1.5474905967712402,False,False,False,clean
1443,32,0.19567801,0.944004,1,0.016668756,0.015404046,0.7112969160079956,-0.15158622,-0.026836946606636047,False,False,False,clean
1444,39,0.6188557,0.90295297,1,0.015419656,0.016259253,23.27356719970703,-1.3499421,0.17744562029838562,True,False,False,action_noise
1445,38,0.13737386,0.9455156,1,0.017711341,0.020985663,-0.1766108274459839,-0.107460566,2.0807762145996094,False,False,False,clean
1446,30,0.15122303,0.6977718,7,0.2768388,0.01017952,0.693247377872467,-7.339562,-1.073190689086914,False,True,False,misaligned
1447,39,0.14414804,0.96463585,1,0.0024917326,0.015552342,-0.8769161701202393,0.4506958,0.05802752450108528,False,False,False,clean
1448,30,0.15450631,0.953825,1,0.0066827782,0.011724353,0.8627249002456665,0.13510695,-0.6291779279708862,False,False,False,clean
1449,34,0.20565669,0.94940466,1,0.023586288,0.00970006,-0.3906150758266449,0.0060690166,-0.7390772700309753,False,False,False,clean
1450,34,0.21827444,0.94181913,1,0.023998091,0.010620952,0.246481791138649,-0.21536657,-0.5076615810394287,False,False,False,clean
1451,36,0.15938222,0.9562804,2,0.02138192,0.020303905,-0.6822115778923035,0.20678504,1.4462989568710327,False,False,False,clean
1452,35,0.16173549,0.9726688,1,0.012476886,0.022164464,-0.87925785779953,0.68519336,2.159533977508545,False,False,False,clean
1453,36,0.14699252,0.9584155,1,0.00096420734,0.029871583,-1.4440044164657593,0.26911253,3.4113705158233643,False,False,True,label_swap
1454,32,0.14221922,0.9732903,1,0.0076215197,0.03483045,-1.1590723991394043,0.70333606,3.7661917209625244,False,False,True,label_swap
1455,32,0.114032224,0.95650196,1,0.011639405,0.029113054,-2.145253896713257,0.2132525,2.6498632431030273,False,False,False,label_swap
1456,30,0.13103405,0.96955556,1,0.0067080813,0.008996367,-0.34887585043907166,0.59431124,-1.4132498502731323,False,False,False,clean
1457,35,0.1860156,0.96672577,1,0.009852268,0.01499784,0.6983458399772644,0.5117044,0.4339332580566406,False,False,False,clean
1458,39,0.15589699,0.9667295,1,0.0056273676,0.020560145,-0.27919474244117737,0.511814,0.9039928913116455,False,False,False,clean
1459,36,0.17977503,0.9611836,1,0.0021208306,0.008842349,0.5716595649719238,0.34991848,-0.9077494740486145,False,False,False,clean
1460,38,0.1383175,0.9500589,2,0.023324912,0.01823783,-0.13610413670539856,0.02516693,1.4303277730941772,False,False,False,clean
1461,31,0.14822283,0.95998496,1,0.009660636,0.009417772,0.1679149568080902,0.31492767,-0.9288608431816101,False,False,False,clean
1462,32,0.21262458,0.94054735,1,0.015939666,0.010880351,1.304208517074585,-0.2524923,-0.9100936651229858,False,False,False,clean
1463,35,0.17420657,0.9597122,1,0.016810093,0.013607621,-0.06894780695438385,0.30696556,0.09919232875108719,False,False,False,clean
1464,36,0.15963337,0.583647,7,0.37849748,0.020249367,-0.6667697429656982,-10.671077,1.435097575187683,False,True,False,misaligned
1465,32,0.19980693,0.9264841,1,0.023538671,0.01634872,0.8557558655738831,-0.6630244,0.15761177241802216,False,False,False,clean
1466,38,0.10032857,0.9668966,1,0.013388247,0.010806084,-1.7668319940567017,0.51669115,-0.3288644254207611,False,False,False,clean
1467,36,0.1705095,0.9690228,1,0.017650917,0.011425734,0.0019597779028117657,0.5787594,-0.3771572411060333,False,False,False,clean
1468,35,0.17243797,0.97119427,1,0.011005936,0.0121952295,-0.1838630735874176,0.64214826,-0.24088746309280396,False,False,False,clean
1469,32,0.22245045,0.9207854,1,0.03589578,0.015782595,1.6479874849319458,-0.8293795,0.047075215727090836,False,False,False,clean
1470,31,0.12304246,0.9448661,1,0.005178157,0.015563905,-1.3892871141433716,-0.12641929,0.632133424282074,False,False,False,clean
1471,30,0.19320677,0.96612144,1,0.009662563,0.020263791,2.8603808879852295,0.49406284,1.825209617614746,False,False,False,label_swap
1472,39,0.122810304,0.9719128,1,0.0076938407,0.0090715885,-1.962461233139038,0.6631236,-1.0367624759674072,False,False,False,label_swap
1473,30,0.12715007,0.9543964,0,0.0,0.012125611,-0.5493603348731995,0.15178806,-0.5138490796089172,False,False,False,clean
1474,31,0.14734177,0.9337951,1,0.0032467572,0.01988852,0.11342848092317581,-0.4496031,1.7304986715316772,False,False,False,clean
1475,35,0.16329634,0.9655154,1,0.013813943,0.008625507,-0.7778412699699402,0.4763708,-1.100415587425232,False,False,False,clean
1476,39,0.15628712,0.9736916,0,0.0,0.020471334,-0.25934725999832153,0.7150495,0.8889901638031006,False,False,False,clean
1477,39,0.15377453,0.9698298,1,0.0052380254,0.017713845,-0.3871738016605377,0.60231686,0.42316895723342896,False,False,False,clean
1478,38,0.13463993,0.95042413,1,0.016377497,0.008772254,-0.29396864771842957,0.03582947,-0.8102987408638,False,False,False,clean
1479,38,0.15625158,0.94312227,1,0.017825156,0.010497212,0.633741557598114,-0.17732559,-0.40197834372520447,False,False,False,clean
1480,37,0.146115,0.968841,1,0.0041207634,0.010591686,-0.020538024604320526,0.5734525,-0.6509199142456055,False,False,False,clean
1481,32,0.16250758,0.96117437,1,0.020102447,0.01530534,-0.4492409825325012,0.34964877,-0.04610927030444145,False,False,False,clean
1482,32,0.1780266,0.96460104,1,0.0052659987,0.014563024,0.09372494369745255,0.44967967,-0.19104740023612976,False,False,False,clean
1483,38,0.11412835,0.9569427,1,0.0112711545,0.011532366,-1.17445707321167,0.22611785,-0.15694375336170197,False,False,False,clean
1484,34,0.15451823,0.95178616,1,0.0037468795,0.02150923,-2.972703695297241,0.07558953,2.228510618209839,False,False,False,label_swap
1485,30,0.16358015,0.9536107,1,0.0052824677,0.014620125,1.3311020135879517,0.12885177,0.2031189501285553,False,False,False,clean
1486,37,0.14199886,0.97178096,1,0.0028650588,0.011173189,-0.23090656101703644,0.65927476,-0.5267873406410217,False,False,False,clean
1487,35,0.17578192,0.96793616,1,0.013094049,0.009117961,0.03341081365942955,0.54703796,-0.9818412065505981,False,False,False,clean
1488,36,0.16860098,0.9592784,1,0.013488378,0.01362437,-0.11538776010274887,0.29430208,0.07441291958093643,False,False,False,clean
1489,35,0.18406145,0.9715651,1,0.013015255,0.008248806,0.5713744759559631,0.6529743,-1.191118836402893,False,False,False,clean
1490,37,0.13737486,0.93081737,1,0.0077868593,0.010593772,-0.4672301709651947,-0.5365285,-0.6504746079444885,False,False,False,clean
1491,34,0.21522857,0.4540798,7,0.5056209,0.012067616,0.09268930554389954,-14.453383,-0.14412179589271545,False,True,False,misaligned
1492,33,0.1346246,0.9475557,2,0.01381133,0.014545083,0.657909095287323,-0.047904864,0.23305314779281616,False,False,False,clean
1493,34,0.20885842,0.9542898,1,0.008772422,0.014999747,-0.22895334661006927,0.14867525,0.5927087664604187,False,False,False,clean
1494,31,0.63588077,0.8849491,1,0.015187517,0.015730679,30.325603485107422,-1.8755088,0.6744906306266785,True,False,False,action_noise
1495,37,0.13855952,0.97190785,1,0.009646061,0.015389085,-0.4066845774650574,0.6629792,0.37317392230033875,False,False,False,clean
1496,32,0.19501072,0.9581396,1,0.023656385,0.012664497,0.6879503726959229,0.26105818,-0.561737060546875,False,False,False,clean
1497,39,0.6121682,0.908314,1,0.0073399125,0.01332587,22.9333438873291,-1.1934439,-0.318089097738266,True,False,False,action_noise
1498,32,0.17827834,0.92793906,1,0.024226403,0.023768008,0.10253261029720306,-0.6205517,1.6062365770339966,False,False,False,clean
1499,37,0.1364011,0.96910304,1,0.0048264307,0.018025279,-0.516997218132019,0.58110136,0.9359185099601746,False,False,False,clean
1500,34,0.21855967,0.9339065,1,0.021706238,0.009957075,0.26088330149650574,-0.4463511,-0.6744905710220337,False,False,False,clean
1501,37,0.626441,0.8317156,0,0.0,0.009856939,24.52801513671875,-3.4294937,-0.8077651858329773,True,False,False,action_noise
1502,30,0.13307731,0.95477337,1,0.003553574,0.019201875,-0.24340592324733734,0.16279162,1.5199958086013794,False,False,False,clean
1503,38,0.1799949,0.9641906,1,0.012206505,0.019662976,1.6529567241668701,0.43769825,1.76767897605896,False,False,False,label_swap
1504,34,0.202193,0.9442641,1,0.017227106,0.015729368,-0.5655038952827454,-0.14399299,0.7760588526725769,False,False,False,clean
1505,31,0.12824287,0.96654886,1,0.011253167,0.009555936,-1.0676840543746948,0.5065402,-0.8937700986862183,False,False,False,clean
1506,34,0.23129973,0.91167575,1,0.021327766,0.011616528,0.9041558504104614,-1.0953078,-0.2574780285358429,False,False,False,clean
1507,36,0.18242322,0.9678522,1,0.017402222,0.009895682,0.7344860434532166,0.54458636,-0.6914090514183044,False,False,False,clean
1508,37,0.583891,0.89743537,1,0.0035125029,0.019518793,22.353364944458008,-1.5110111,1.2547366619110107,True,False,False,action_noise
1509,38,0.15543555,0.9539688,1,0.018530263,0.01797533,0.5987122654914856,0.1393055,1.368190884590149,False,False,False,clean
1510,38,0.12482613,0.95304936,1,0.014859789,0.010183811,-0.7152398228645325,0.112464726,-0.4761645495891571,False,False,False,clean
1511,39,0.15708956,0.976164,1,0.003937423,0.011292756,-0.21852344274520874,0.78722346,-0.6615419983863831,False,False,False,clean
1512,39,0.17464286,0.96494055,1,0.0074542398,0.016869247,0.6744906902313232,0.45959055,0.28049153089523315,False,False,False,clean
1513,36,0.16659749,0.96857566,1,0.010430665,0.022055387,-0.2385743260383606,0.56570613,1.8060296773910522,False,False,False,clean
1514,33,0.123520404,0.9685893,1,0.004678926,0.013613105,0.09688969701528549,0.5661046,0.015499774366617203,False,False,False,label_swap
1515,36,0.54918057,0.92134804,1,0.004532616,0.010976672,23.284912109375,-0.8129559,-0.4693883955478668,True,False,False,action_noise
1516,33,0.12275341,0.942404,1,0.006163817,0.020720482,0.05813878774642944,-0.19829398,1.6745878458023071,False,False,False,clean
1517,34,0.26258436,0.9309087,1,0.03622194,0.012641132,2.4837827682495117,-0.53386295,0.0,False,False,False,clean
1518,39,0.19020677,0.9655792,1,0.011113817,0.012059927,1.466295599937439,0.47823432,-0.5319441556930542,False,False,False,clean
1519,39,0.1733412,0.92878455,1,0.016031245,0.0390386,0.608269453048706,-0.59587026,4.025547504425049,False,False,True,label_swap
1520,39,0.15648054,0.9640286,1,0.0074398257,0.017774642,-0.24950726330280304,0.432969,0.43343934416770935,False,False,False,clean
1521,32,0.19156808,0.48282388,7,0.492541,0.017866671,0.5675021409988403,-13.614291,0.45399361848831177,False,True,False,misaligned
1522,35,0.17297497,0.5851521,7,0.3801845,0.010941386,-0.14897090196609497,-10.62714,-0.542791485786438,False,True,False,misaligned
1523,39,0.15833241,0.9657902,1,0.0058930195,0.011175096,-0.15529434382915497,0.48439384,-0.6814181208610535,False,False,False,clean
1524,38,0.17777437,0.94781417,1,0.020815192,0.053950787,1.5576375722885132,-0.040360354,9.884056091308594,False,False,True,label_swap
1525,32,0.19743097,0.93322957,1,0.008395703,0.0147122145,0.7726278305053711,-0.46611196,-0.1619177907705307,False,False,False,clean
1526,30,0.13012087,0.95881057,1,0.0022735915,0.01352787,-0.3960123658180237,0.28064504,-0.11081473529338837,False,False,False,clean
1527,34,0.21361807,0.9445251,1,0.014243811,0.019389749,0.01137163769453764,-0.13637365,1.6958950757980347,False,False,False,clean
1528,35,0.14955434,0.96550715,1,0.009584678,0.018625438,-1.6707295179367065,0.4761307,1.3073970079421997,False,False,False,clean
1529,34,0.16291507,0.97123724,1,0.0062370817,0.024917662,-2.54872989654541,0.64340276,3.0850331783294678,False,False,True,label_swap
1530,39,0.17544642,0.94448423,1,0.0025589701,0.01362747,0.7153713703155518,-0.13756728,-0.26714009046554565,False,False,False,clean
1531,33,0.14451838,0.97454214,1,0.0077823643,0.026226223,1.1577740907669067,0.7398789,2.9598028659820557,False,False,False,label_swap
1532,30,0.19684708,0.9400165,1,0.017662989,0.019879818,3.048287868499756,-0.2679885,1.7148488759994507,True,False,False,label_swap
1533,36,0.15972078,0.9624611,1,0.008017331,0.025129676,-0.661395251750946,0.38721126,2.4374468326568604,False,False,False,clean
1534,30,0.12598988,0.7757665,7,0.19579025,0.008439124,-0.6092474460601807,-5.062752,-1.5734117031097412,False,True,False,misaligned
1535,35,0.16008541,0.56444097,7,0.4168206,0.013280392,-0.9864720106124878,-11.231736,0.020401056855916977,False,True,False,misaligned
1536,36,0.62557375,0.8998558,1,0.010978153,0.011019468,27.98202133178711,-1.4403545,-0.4605986475944519,True,False,False,action_noise
1537,31,0.6115702,0.8613331,1,0.0062617254,0.015866578,28.82219123840332,-2.5649042,0.709006130695343,True,False,False,action_noise
1538,33,0.0926601,0.9784047,1,0.006319971,0.014066339,-1.4622713327407837,0.8526342,0.12129894644021988,False,False,False,clean
1539,36,0.14243414,0.96568936,1,0.006112423,0.030685306,-1.7242810726165771,0.48144978,3.578498125076294,False,False,True,label_swap
1540,36,0.1645364,0.9614878,1,0.011540627,0.009544075,-0.36530202627182007,0.35879928,-0.7636245489120483,False,False,False,clean
1541,37,0.5977165,0.8941421,1,0.008372238,0.019945025,23.059961318969727,-1.6071479,1.3457239866256714,True,False,False,action_noise
1542,36,0.17772894,0.9518056,1,0.017196523,0.014410734,0.445853590965271,0.076156765,0.2359214574098587,False,False,False,clean
1543,31,0.14033498,0.95866495,1,0.01025511,0.0154259205,-0.31988492608070374,0.27639428,0.5970880389213562,False,False,False,clean
1544,30,0.13281287,0.7301617,7,0.24647914,0.008223653,-0.2570556700229645,-6.3940396,-1.6353418827056885,False,True,False,misaligned
1545,38,0.14271732,0.964911,1,0.014844399,0.00984484,0.05276435613632202,0.4587275,-0.5564035773277283,False,False,False,clean
1546,34,0.17216557,0.9625689,1,0.016148377,0.009564221,-2.0816524028778076,0.39035714,-0.7732129693031311,False,False,False,label_swap
1547,36,0.6804375,0.89032227,1,0.009715888,0.015271425,31.355371475219727,-1.7186557,0.4126957356929779,True,False,False,action_noise
1548,35,0.1548828,0.5989325,7,0.38590175,0.012471914,-1.324512004852295,-10.224864,-0.1742665022611618,False,True,False,misaligned
1549,35,0.112028554,0.9702295,1,0.010951541,0.016711831,-4.108972549438477,0.61398506,0.8466330766677856,False,False,False,label_swap
1550,37,0.14354911,0.9623078,1,0.003624194,0.013212085,-0.15167583525180817,0.38273606,-0.09154714643955231,False,False,False,clean
1551,33,0.15452696,0.92913437,1,0.016342118,0.023106456,1.6634399890899658,-0.5856584,2.2315499782562256,False,False,False,label_swap
1552,36,0.16079709,0.9583395,1,0.003516709,0.011231244,-0.595217227935791,0.26689404,-0.4171028733253479,False,False,False,clean
1553,32,0.13257518,0.9656494,1,0.006751266,0.043552637,-1.4964892864227295,0.480284,5.469208717346191,False,False,True,label_swap
1554,35,0.17474896,0.96530527,1,0.017889861,0.015903234,-0.033706117421388626,0.47023743,0.6519368290901184,False,False,False,clean
1555,37,0.14901036,0.96704805,1,0.010820099,0.012908697,0.12743811309337616,0.52111244,-0.15631087124347687,False,False,False,clean
1556,38,0.12135877,0.9652028,1,0.015335557,0.010792792,-0.8640813827514648,0.4672464,-0.33201077580451965,False,False,False,clean
1557,38,0.13535532,0.5727485,7,0.39175785,0.011948705,-0.26325953006744385,-10.989224,-0.05839094892144203,False,True,False,misaligned
1558,37,0.1946154,0.93066454,1,0.018586589,0.013500094,2.4582252502441406,-0.5409898,-0.030066143721342087,False,False,False,clean
1559,37,0.16410555,0.9729147,1,0.011864604,0.021795869,0.898924708366394,0.6923707,1.7408208847045898,False,False,False,clean
1560,34,0.20078571,0.9494008,1,0.01845002,0.022254348,-0.6365611553192139,0.0059559187,2.415755033493042,False,False,False,clean
1561,32,0.16852863,0.927671,1,0.01992201,0.015454054,-0.23858168721199036,-0.62837636,-0.01707276701927185,False,False,False,clean
1562,32,0.5617609,0.8747968,1,0.024004249,0.021762252,13.51948356628418,-2.1718729,1.2146103382110596,True,False,False,action_noise
1563,34,0.23854542,0.9434941,1,0.023794213,0.015013695,1.2700059413909912,-0.16647166,0.596213698387146,False,False,False,clean
1564,30,0.1262124,0.9796193,1,0.006118885,0.011409044,-0.597761332988739,0.8880913,-0.7198032736778259,False,False,False,clean
1565,36,0.15258601,0.97173476,1,0.007612382,0.010527909,-1.1000831127166748,0.65792626,-0.5615583062171936,False,False,False,clean
1566,39,0.17102772,0.97372335,1,0.008752358,0.01663214,0.490572452545166,0.7159769,0.24043715000152588,False,False,False,clean
1567,34,0.21970691,0.937799,1,0.010508547,0.01824236,0.3188098967075348,-0.33272234,1.4075615406036377,False,False,False,clean
1568,34,0.77004814,0.87467223,1,0.009340472,0.017365873,28.106698989868164,-2.1755092,1.1873047351837158,True,False,False,action_noise
1569,35,0.17973475,0.9599618,1,0.014954637,0.0059890747,0.29024651646614075,0.31425083,-1.7352235317230225,False,False,False,clean
1570,35,0.18528132,0.9677878,1,0.004249654,0.008777559,0.6506356000900269,0.5427072,-1.0638041496276855,False,False,False,clean
1571,33,0.11540414,0.96997505,1,0.0028676435,0.014031172,-0.31317001581192017,0.60655713,0.1130899116396904,False,False,False,clean
1572,36,0.59487325,0.91381913,1,0.008017705,0.010651827,26.094371795654297,-1.0327386,-0.5361072421073914,True,False,False,action_noise
1573,38,0.11132327,0.9713822,1,0.015364178,0.010802627,-1.294869303703308,0.6476344,-0.32968276739120483,False,False,False,clean
1574,34,0.20767346,0.9514318,1,0.013440588,0.010446429,-0.2887842357158661,0.065245405,-0.5515182614326477,False,False,False,clean
1575,30,0.13727579,0.96234185,1,0.007199404,0.011819541,-0.026687264442443848,0.38372958,-0.6018190383911133,False,False,False,clean
1576,31,0.15203434,0.92778945,1,0.0074554207,0.008469641,0.40362584590911865,-0.62491906,-1.16966712474823,False,False,False,clean
1577,32,0.16716217,0.9540266,2,0.025790805,0.009982705,-0.28639039397239685,0.14099154,-1.085360050201416,False,False,False,clean
1578,35,0.18959418,0.94884,1,0.014649392,0.013912559,0.9308640956878662,-0.010413722,0.17261603474617004,False,False,False,clean
1579,34,0.23016864,0.93480897,1,0.024002051,0.015009522,0.847044825553894,-0.42000622,0.5951651930809021,False,False,False,clean
1580,35,0.20335178,0.96286386,1,0.013612623,0.013391256,1.8247660398483276,0.39896825,0.047095369547605515,False,False,False,clean
1581,31,0.15932225,0.9644687,1,0.008352237,0.0137501955,0.8543236255645752,0.44581693,0.17148758471012115,False,False,False,clean
1582,31,0.12710898,0.94895464,1,0.010286916,0.010556877,-1.1378059387207031,-0.0070677595,-0.6395512223243713,False,False,False,clean
1583,34,0.22147642,0.92775303,1,0.026516877,0.011767566,0.4081563353538513,-0.62598217,-0.2195228636264801,False,False,False,clean
1584,36,0.17983231,0.93785834,0,0.0,0.015636265,0.5751814842224121,-0.33098933,0.4876289367675781,False,False,False,clean
1585,33,0.13038364,0.97341686,1,0.0036048957,0.018915296,0.4436422884464264,0.70703,1.253199815750122,False,False,False,clean
1586,31,0.15415077,0.9524749,0,0.0,0.01080507,0.5345096588134766,0.09569489,-0.5765150189399719,False,False,False,clean
1587,37,0.15860662,0.64845085,7,0.31131008,0.009263873,0.6178847551345825,-8.779332,-0.9343661665916443,False,True,False,misaligned
1588,37,0.16996317,0.9617025,1,0.014468057,0.012660623,1.1982964277267456,0.36506665,-0.20926697552204132,False,False,False,clean
1589,34,0.21460828,0.9441064,1,0.021334648,0.011522949,0.061369527131319046,-0.14859694,-0.2809940576553345,False,False,False,clean
1590,36,0.13026023,0.9297293,1,0.011745983,0.02720368,-2.4728052616119385,-0.5682917,2.8634190559387207,False,False,False,label_swap
1591,31,0.13222374,0.9469494,1,0.0074427645,0.011079431,-0.821499228477478,-0.065603845,-0.506833016872406,False,False,False,clean
1592,35,0.19318986,0.9660048,1,0.015197926,0.0127539635,1.1644939184188843,0.49065772,-0.10635387152433395,False,False,False,clean
1593,33,0.12044499,0.9681668,0,0.0,0.0075086355,-0.05848999321460724,0.5537717,-1.409477710723877,False,False,False,clean
1594,32,0.16753247,0.9407107,1,0.021066062,0.012106061,-0.2734343707561493,-0.24772306,-0.6707723736763,False,False,False,clean
1595,31,0.1407387,0.93105936,1,0.0024086295,0.0074554086,-0.2949182987213135,-0.5294643,-1.4272618293762207,False,False,False,clean
1596,37,0.14691871,0.95077175,1,0.00575066,0.0118916035,0.020538024604320526,0.045976978,-0.3734283745288849,False,False,False,clean
1597,34,0.19671875,0.9203297,1,0.021744804,0.011292577,-0.8419105410575867,-0.8426833,-0.33888542652130127,False,False,False,clean
1598,32,0.1945349,0.92536986,1,0.022024503,0.013790429,0.6713026762008667,-0.6955514,-0.341897577047348,False,False,False,clean
1599,36,0.64064866,0.8662857,1,0.011105198,0.010751486,28.908916473388672,-2.4203284,-0.5156385898590088,True,False,False,action_noise
1600,35,0.6076103,0.89976394,1,0.003804689,0.009578705,28.091516494750977,-1.4430357,-0.8709019422531128,True,False,False,action_noise
1601,37,0.13476013,0.9657354,1,0.005283782,0.01783824,-0.6008644104003906,0.48279306,0.8959914445877075,False,False,False,clean
1602,34,0.18787217,0.524641,7,0.44952837,0.009644985,-1.288593053817749,-12.393572,-0.7529172897338867,False,True,False,misaligned
1603,38,0.66092074,0.82143813,1,0.011310479,0.017071009,22.297372817993164,-3.7295115,1.1541260480880737,True,False,False,action_noise
1604,30,0.12687054,0.96440846,0,0.0,0.0137274265,-0.5637892484664917,0.44405782,-0.053458668291568756,False,False,False,clean
1605,32,0.15597838,0.956427,1,0.019153683,0.0097081065,-0.6776787638664246,0.21106362,-1.1389758586883545,False,False,False,clean
1606,30,0.76610816,0.8442258,1,0.005481815,0.014780521,32.43263244628906,-3.0642965,0.24921967089176178,True,False,False,action_noise
1607,30,0.119460374,0.7479619,7,0.23196061,0.009451926,-0.9462903141975403,-5.87442,-1.2823141813278198,False,True,False,misaligned
1608,35,0.16849717,0.5451413,7,0.43850994,0.010322511,-0.4399164617061615,-11.79513,-0.6918060779571533,False,True,False,misaligned
1609,36,0.16678572,0.9663039,1,0.013169692,0.010105312,-0.22700072824954987,0.4993889,-0.6483539938926697,False,False,False,clean
1610,35,0.1747535,0.9725979,1,0.013262812,0.0170089,-0.03341081365942955,0.6831228,0.9181623458862305,False,False,False,clean
1611,30,0.14544424,0.9632022,1,0.005113006,0.009562492,0.39495551586151123,0.40884432,-1.2505353689193726,False,False,False,clean
1612,30,0.12406538,0.9668052,0,0.0,0.012833357,-0.7085874080657959,0.5140238,-0.3104303181171417,False,False,False,clean
1613,30,0.15372024,0.9644032,1,0.0019079113,0.009710908,0.8221494555473328,0.44390473,-1.2078781127929688,False,False,False,clean
1614,37,0.18327472,0.96345836,0,0.0,0.016613841,1.8786245584487915,0.4163227,0.6346208453178406,False,False,False,clean
1615,34,0.21339285,0.93942165,1,0.01362613,0.008470237,0.0,-0.2853534,-1.0481258630752563,False,False,False,clean
1616,33,0.13666332,0.96902484,1,0.009654965,0.0146660805,0.7609115839004517,0.57881856,0.2612977921962738,False,False,False,clean
1617,34,0.22026591,0.9263175,1,0.0071538845,0.012826562,0.34703508019447327,-0.6678876,0.0465976819396019,False,False,False,clean
1618,35,0.15955952,0.6029713,7,0.3780444,0.011662066,-1.0206419229507446,-10.106964,-0.3692641258239746,False,True,False,misaligned
1619,31,0.12889767,0.94837976,1,0.0069873533,0.007975221,-1.02718985080719,-0.023849774,-1.2952399253845215,False,False,False,clean
1620,31,0.11979827,0.91527295,1,0.004653259,0.008114696,-1.5899136066436768,-0.9902989,-1.2598161697387695,False,False,False,clean
1621,36,0.6754766,0.8718379,2,0.03626477,0.010207176,31.05034637451172,-2.2582483,-0.6274324655532837,True,False,False,action_noise
1622,38,0.13596103,0.937008,1,0.016599443,0.010237575,-0.2372589111328125,-0.35581174,-0.4634380340576172,False,False,False,clean
1623,36,0.17044574,0.95409507,1,0.00020139756,0.019271791,-0.0019606940913945436,0.14299077,1.2343167066574097,False,False,False,clean
1624,30,0.13331349,0.97338146,1,0.0030549197,0.013170421,-0.2312145084142685,0.70599645,-0.21355199813842773,False,False,False,clean
1625,31,0.13460091,0.70120525,7,0.2539353,0.01015687,-0.674490749835968,-7.2393327,-0.7411448955535889,False,True,False,misaligned
1626,32,0.16114,0.95665896,1,0.017984001,0.008960247,-0.49708878993988037,0.21783559,-1.2849962711334229,False,False,False,clean
1627,39,0.6193483,0.91224474,1,0.015991855,0.013436675,23.298625946044922,-1.078698,-0.2993708848953247,True,False,False,action_noise
1628,39,0.1701336,0.96257627,1,0.012382934,0.022485137,0.44508489966392517,0.39057288,1.2291806936264038,False,False,False,clean
1629,34,0.18597321,0.97182125,1,0.012474559,0.029846668,-1.3844754695892334,0.660451,4.323668956756592,False,False,True,label_swap
1630,36,0.18658552,0.9465634,1,0.016613318,0.0266217,0.9904088377952576,-0.07687189,2.7438883781433105,False,False,False,clean
1631,33,0.12160268,0.7988581,7,0.1722142,0.012441695,0.0,-4.3886647,-0.25794461369514465,False,True,False,misaligned
1632,37,0.13868468,0.96808594,1,0.0080724815,0.013955712,-0.4002881348133087,0.5514105,0.06719395518302917,False,False,False,clean
1633,35,0.15804127,0.94998515,1,0.0068146596,0.0227651,-1.1192903518676758,0.023014588,2.30415678024292,False,False,False,label_swap
1634,34,0.10692857,0.98131865,1,0.0023950909,0.01710409,-5.375606060028076,0.9376979,1.1215198040008545,False,False,False,label_swap
1635,32,0.15639417,0.5807365,7,0.39465308,0.023724496,-0.663131594657898,-10.756039,1.597740888595581,False,True,False,misaligned
1636,33,0.108252555,0.7830453,7,0.19980723,0.019726634,-0.6744906902313232,-4.85027,1.4425920248031616,False,True,False,misaligned
1637,33,0.11097264,0.96188015,0,0.0,0.014520049,-0.5370631814002991,0.37025177,0.2272094339132309,False,False,False,clean
1638,35,0.17814934,0.9678196,1,0.01576535,0.013110936,0.18723435699939728,0.5436346,-0.020401056855916977,False,False,False,clean
1639,36,0.1708282,0.97364783,1,0.014043571,0.00794816,0.02155480720102787,0.71377236,-1.0914037227630615,False,False,False,clean
1640,31,0.13734841,0.73292476,7,0.21754684,0.03553772,-0.5045797824859619,-6.3133817,5.705080986022949,False,True,True,misaligned
1641,38,0.16899769,0.96606714,1,0.015873887,0.0072252154,1.1808862686157227,0.49247772,-1.1765031814575195,False,False,False,clean
1642,36,0.22162502,0.9504279,1,0.0071521644,0.012176514,3.144845962524414,0.035939086,-0.22295719385147095,True,False,False,label_swap
1643,39,0.15524833,0.9596085,1,0.0084448755,0.013093889,-0.3121950924396515,0.30393803,-0.3572775721549988,False,False,False,clean
1644,39,0.17240152,0.9601334,1,0.010952629,0.02271545,0.5604636669158936,0.3192602,1.2680871486663818,False,False,False,clean
1645,30,0.13809332,0.9470203,1,0.009246698,0.015061736,0.01551270391792059,-0.06353502,0.33004581928253174,False,False,False,clean
1646,32,0.17563775,0.9628162,1,0.011528908,0.011819541,0.01014596689492464,0.39757627,-0.726715624332428,False,False,False,clean
1647,32,0.69954896,0.8572026,1,0.01462755,0.013644218,18.340290069580078,-2.6854806,-0.37044528126716614,True,False,False,action_noise
1648,36,0.14766198,0.96125853,1,0.017960606,0.013309717,-1.4028418064117432,0.35210562,0.009787468239665031,False,False,False,clean
1649,37,0.64135665,0.8972421,1,0.00030640457,0.019494057,25.290325164794922,-1.5166521,1.2494562864303589,True,False,False,action_noise
1650,35,0.17934802,0.9529078,1,0.0039787656,0.021799982,0.26511868834495544,0.10833229,2.071772813796997,False,False,False,clean
1651,33,0.15576039,0.9352698,1,0.004793196,0.026097238,1.7257566452026367,-0.40655452,2.9296939373016357,False,False,False,label_swap
1652,38,0.14025894,0.9605072,1,0.012793519,0.0120942,-0.05276499688625336,0.33017328,-0.023950377479195595,False,False,False,clean
1653,39,0.143655,0.975848,1,0.004112989,0.01121521,-0.9019989967346191,0.7779999,-0.6746417284011841,False,False,False,clean
1654,33,0.10992606,0.9809672,1,0.000838419,0.009690404,-0.5899398922920227,0.927439,-0.9001834392547607,False,False,False,clean
1655,30,0.15126583,0.945534,0,0.0,0.014668047,0.6954564452171326,-0.10692292,0.21689262986183167,False,False,False,clean
1656,37,0.13853821,0.95607895,1,0.0050383825,0.009559989,-0.40777361392974854,0.20090394,-0.87115478515625,False,False,False,clean
1657,38,0.1302041,0.94670266,1,0.018157281,0.010033011,-0.4843831956386566,-0.07280732,-0.5118608474731445,False,False,False,clean
1658,35,0.6169813,0.9180173,1,0.016976,0.012931645,28.700401306152344,-0.91018546,-0.06357121467590332,True,False,False,action_noise
1659,35,0.552634,0.8982167,1,0.010142931,0.008602381,24.519424438476562,-1.4882019,-1.105984091758728,True,False,False,action_noise
1660,33,0.21685944,0.9277437,1,0.017786829,0.023300648,4.812675476074219,-0.62625533,2.2768807411193848,True,False,False,label_swap
1661,30,0.12262087,0.95974916,1,0.0038911758,0.026297212,-0.7831503748893738,0.30804434,3.5593228340148926,False,False,True,clean
1662,35,0.15419373,0.575157,7,0.40460953,0.009870529,-1.369284749031067,-10.918916,-0.800635576248169,False,True,False,misaligned
1663,31,0.137434,0.9654447,1,0.0033997626,0.016408622,-0.49928656220436096,0.4743072,0.8466745615005493,False,False,False,clean
1664,37,0.63007474,0.871522,2,0.010965339,0.014846325,24.713729858398438,-2.2674701,0.25731173157691956,True,False,False,action_noise
1665,38,0.1491804,0.94934726,1,0.02136737,0.01351589,0.3302011787891388,0.0043934253,0.312582403421402,False,False,False,clean
1666,30,0.1483022,0.95933414,1,0.008623953,0.013198733,0.5424785017967224,0.29592893,-0.2054145634174347,False,False,False,clean
1667,33,0.09025974,0.83852255,7,0.15004908,0.0123336315,-1.583545207977295,-3.2307856,-0.28317001461982727,False,True,False,misaligned
1668,38,0.14634977,0.9547984,1,0.015810806,0.01394856,0.20869262516498566,0.1635224,0.41500112414360046,False,False,False,clean
1669,34,0.18346575,0.5204296,7,0.45005313,0.010320246,-1.5110825300216675,-12.51651,-0.5832274556159973,False,True,False,misaligned
1670,35,0.16016072,0.5817045,7,0.40881053,0.015117586,-0.9815787076950073,-10.727782,0.46276599168777466,False,True,False,misaligned
1671,36,0.16733035,0.9366579,1,0.01074363,0.0098541975,-0.1935131698846817,-0.36603233,-0.6999294757843018,False,False,False,clean
1672,34,0.18619153,0.9332308,1,0.019657927,0.008030713,-1.3734521865844727,-0.46607542,-1.158576250076294,False,False,False,clean
1673,33,0.10936813,0.9770825,1,0.0038743373,0.011476755,-0.6181282997131348,0.8140364,-0.48319223523139954,False,False,False,clean
1674,30,0.17127101,0.9523431,1,0.00956211,0.009353697,1.7280919551849365,0.091847815,-1.310546875,False,False,False,label_swap
1675,33,0.13188663,0.6864433,7,0.27511495,0.01361537,0.5195781588554382,-7.670261,0.016028491780161858,False,True,False,misaligned
1676,38,0.16316326,0.96195203,1,0.008603708,0.029529631,0.9304351210594177,0.3723502,4.103246212005615,False,False,True,label_swap
1677,31,0.17023641,0.93821275,1,0.0012446266,0.013569236,1.5292760133743286,-0.32064348,0.12552745640277863,False,False,False,clean
1678,30,0.1776528,0.9492151,1,0.00585366,0.028162241,2.0575098991394043,0.0005359109,4.095365524291992,False,False,True,label_swap
1679,34,0.21667208,0.36931622,7,0.54636735,0.010347009,0.16557493805885315,-16.92779,-0.5765021443367004,False,True,False,misaligned
1680,32,0.5909695,0.8655409,0,0.0,0.019015014,14.54140853881836,-2.4420693,0.6782089471817017,True,False,False,action_noise
1681,37,0.16091871,0.9672461,1,0.013209957,0.02092576,0.7360514998435974,0.52689433,1.5550800561904907,False,False,False,clean
1682,38,0.1797587,0.94847167,1,0.022318678,0.015879393,1.6428176164627075,-0.02116674,0.8720547556877136,False,False,False,clean
1683,39,0.15861031,0.957804,0,0.0,0.020802021,-0.14115600287914276,0.25126216,0.9448528289794922,False,False,False,clean
1684,32,0.17505777,0.6048389,7,0.37596023,0.014912486,-0.01014596689492464,-10.052445,-0.12281452119350433,False,True,False,misaligned
1685,32,0.20032609,0.9306475,1,0.0111996,0.0072284937,0.8739196062088013,-0.54148746,-1.6231231689453125,False,False,False,clean
1686,38,0.121282056,0.6485076,8,0.31567565,0.008847117,-0.8673743009567261,-8.777676,-0.7925775647163391,False,True,False,misaligned
1687,30,0.15439811,0.93967676,1,0.0046461336,0.032476306,0.8571399450302124,-0.27790633,5.335305213928223,False,False,True,label_swap
1688,37,0.16467488,0.93959093,1,0.0009808046,0.017498672,0.928022027015686,-0.28041187,0.8235044479370117,False,False,False,clean
1689,32,0.16937499,0.9630868,1,0.015059053,0.016609967,-0.2089701145887375,0.40547574,0.2086205929517746,False,False,False,clean
1690,39,0.16832303,0.9483172,1,0.0061166417,0.015373588,0.3529726564884186,-0.025675002,0.027830656617879868,False,False,False,clean
1691,33,0.12480613,0.98146546,1,0.006517687,0.012199223,0.16184858977794647,0.9419834,-0.31454524397850037,False,False,False,clean
1692,33,0.16112712,0.96295667,1,0.0151582165,0.039760947,1.9969009160995483,0.40167737,6.119238376617432,False,False,True,label_swap
